id_code,model,method,degradation,level,variant,stability,insertion_auc
2d07162a13b1,resnet50,gradcam,blur,low,raw,-0.027617298590403544,0.6934840947389602
2d07162a13b1,resnet50,gradcam,blur,low,clahe,0.13486336122648382,0.3580401226878166
2d07162a13b1,resnet50,gradcam,blur,low,genai,0.24932652449360818,0.7160500640670459
2d07162a13b1,resnet50,gradcam,blur,mid,raw,-0.23765341421463762,0.3708792830506961
2d07162a13b1,resnet50,gradcam,blur,mid,clahe,-0.6246832183348805,0.0824390307068825
2d07162a13b1,resnet50,gradcam,blur,mid,genai,0.2068835193728946,0.5113980968793232
2d07162a13b1,resnet50,gradcam,blur,high,raw,-0.23837881405280759,0.18301988989114762
2d07162a13b1,resnet50,gradcam,blur,high,clahe,0.04954940291407132,0.1886414393161734
2d07162a13b1,resnet50,gradcam,blur,high,genai,-0.01550182072743876,0.13524922778209053
2d07162a13b1,resnet50,gradcam,exposure,low,raw,0.6215788641134457,0.6059335342297951
2d07162a13b1,resnet50,gradcam,exposure,low,clahe,0.529840778402835,0.4588676759973168
2d07162a13b1,resnet50,gradcam,exposure,low,genai,0.7110367427717973,0.7342839688062667
2d07162a13b1,resnet50,gradcam,exposure,mid,raw,0.19950028737402198,0.5126443882783254
2d07162a13b1,resnet50,gradcam,exposure,mid,clahe,0.36025562376504444,0.25112310784558456
2d07162a13b1,resnet50,gradcam,exposure,mid,genai,0.05855343803039904,0.5531219879786173
2d07162a13b1,resnet50,gradcam,exposure,high,raw,-0.19273989714503809,0.6634517113367717
2d07162a13b1,resnet50,gradcam,exposure,high,clahe,0.306345116044522,0.08683929843828084
2d07162a13b1,resnet50,gradcam,exposure,high,genai,-0.13362618628536913,0.47600259756048513
2d07162a13b1,resnet50,gradcam,noise,low,raw,-0.618571904313707,0.4842690328756967
2d07162a13b1,resnet50,gradcam,noise,low,clahe,-0.4264970632300515,0.6503294666608175
2d07162a13b1,resnet50,gradcam,noise,low,genai,-0.09199625851597157,0.7501698325077694
2d07162a13b1,resnet50,gradcam,noise,mid,raw,-0.2546225250933331,0.1454118053118388
2d07162a13b1,resnet50,gradcam,noise,mid,clahe,-0.3014747558673054,0.12108141916493574
2d07162a13b1,resnet50,gradcam,noise,mid,genai,0.5642583062885025,0.631855716307958
2d07162a13b1,resnet50,gradcam,noise,high,raw,-0.2053475779019973,0.054728222917765385
2d07162a13b1,resnet50,gradcam,noise,high,clahe,-0.32244745929633395,0.06520169507712126
2d07162a13b1,resnet50,gradcam,noise,high,genai,-0.5759188536897146,0.4650286356608073
a32b5ce3d48a,resnet50,gradcam,blur,low,raw,-0.03371685974369714,0.353469364096721
a32b5ce3d48a,resnet50,gradcam,blur,low,clahe,-0.08722703862690265,0.2011618851994475
a32b5ce3d48a,resnet50,gradcam,blur,low,genai,0.04189563499031133,0.28299780972301963
a32b5ce3d48a,resnet50,gradcam,blur,mid,raw,0.1871531022591607,0.31626725122332566
a32b5ce3d48a,resnet50,gradcam,blur,mid,clahe,-0.042825891970921647,0.3998712631563346
a32b5ce3d48a,resnet50,gradcam,blur,mid,genai,0.06502811070924636,0.2989616014063359
a32b5ce3d48a,resnet50,gradcam,blur,high,raw,0.19792619994168054,0.46777845323085787
a32b5ce3d48a,resnet50,gradcam,blur,high,clahe,0.1766782482191455,0.5801278546452522
a32b5ce3d48a,resnet50,gradcam,blur,high,genai,0.06969745853283708,0.41534963200489683
a32b5ce3d48a,resnet50,gradcam,exposure,low,raw,0.08169294281273236,0.31367466070999706
a32b5ce3d48a,resnet50,gradcam,exposure,low,clahe,-0.22005200445042167,0.4985912991066774
a32b5ce3d48a,resnet50,gradcam,exposure,low,genai,0.25342752594228257,0.14625070168015858
a32b5ce3d48a,resnet50,gradcam,exposure,mid,raw,0.2342093189519274,0.33575081477562585
a32b5ce3d48a,resnet50,gradcam,exposure,mid,clahe,-0.15434217554690394,0.28679783679544923
a32b5ce3d48a,resnet50,gradcam,exposure,mid,genai,-0.10156570641127335,0.23371534775942565
a32b5ce3d48a,resnet50,gradcam,exposure,high,raw,0.086302086071995,0.275087537864844
a32b5ce3d48a,resnet50,gradcam,exposure,high,clahe,-0.02158953501638955,0.700767122209072
a32b5ce3d48a,resnet50,gradcam,exposure,high,genai,0.3253714368568269,0.38552265514930084
a32b5ce3d48a,resnet50,gradcam,noise,low,raw,0.36065696394526314,0.2726674046988289
a32b5ce3d48a,resnet50,gradcam,noise,low,clahe,-0.00022596940045641815,0.32996244908620914
a32b5ce3d48a,resnet50,gradcam,noise,low,genai,-0.08374295517759563,0.11480596805922685
a32b5ce3d48a,resnet50,gradcam,noise,mid,raw,0.37633238102104116,0.6438868254423141
a32b5ce3d48a,resnet50,gradcam,noise,mid,clahe,0.35326945684184563,0.6266140421231587
a32b5ce3d48a,resnet50,gradcam,noise,mid,genai,-0.03740392143641192,0.2776290578767658
a32b5ce3d48a,resnet50,gradcam,noise,high,raw,0.42545668913203066,0.7839883069197338
a32b5ce3d48a,resnet50,gradcam,noise,high,clahe,0.41013937937578976,0.6947909235954285
a32b5ce3d48a,resnet50,gradcam,noise,high,genai,0.35179314932244016,0.3228518796463808
803120c5d287,resnet50,gradcam,blur,low,raw,0.44636280369815884,0.7999563068151473
803120c5d287,resnet50,gradcam,blur,low,clahe,0.28773210232312296,0.5065665145715078
803120c5d287,resnet50,gradcam,blur,low,genai,0.2959402400989878,0.766578542192777
803120c5d287,resnet50,gradcam,blur,mid,raw,0.2582004769274635,0.06603139924506346
803120c5d287,resnet50,gradcam,blur,mid,clahe,-0.015961128248448277,0.10201099173476297
803120c5d287,resnet50,gradcam,blur,mid,genai,0.3090219982765067,0.33561259768903257
803120c5d287,resnet50,gradcam,blur,high,raw,0.11054012878942407,0.07258394720653694
803120c5d287,resnet50,gradcam,blur,high,clahe,0.129916364812619,0.06704938793554902
803120c5d287,resnet50,gradcam,blur,high,genai,0.10591721904092351,0.0886576202387611
803120c5d287,resnet50,gradcam,exposure,low,raw,0.664439931005719,0.8204646262029806
803120c5d287,resnet50,gradcam,exposure,low,clahe,0.5571726082732731,0.5979323927313089
803120c5d287,resnet50,gradcam,exposure,low,genai,0.6216449079325337,0.7670736057062943
803120c5d287,resnet50,gradcam,exposure,mid,raw,0.6078365279221792,0.8282455305258433
803120c5d287,resnet50,gradcam,exposure,mid,clahe,0.48336377151404936,0.6099109741548698
803120c5d287,resnet50,gradcam,exposure,mid,genai,0.5500890671251328,0.8242784641683101
803120c5d287,resnet50,gradcam,exposure,high,raw,0.5645119593374848,0.6983942337334155
803120c5d287,resnet50,gradcam,exposure,high,clahe,0.5891026317863557,0.6158816512674093
803120c5d287,resnet50,gradcam,exposure,high,genai,0.5660587899253271,0.6117164966960748
803120c5d287,resnet50,gradcam,noise,low,raw,0.4267422823604017,0.5887018459538618
803120c5d287,resnet50,gradcam,noise,low,clahe,0.41495210931859394,0.2817394693692525
803120c5d287,resnet50,gradcam,noise,low,genai,0.2997104737173853,0.6968595864872138
803120c5d287,resnet50,gradcam,noise,mid,raw,0.5131746116913493,0.4612760191162427
803120c5d287,resnet50,gradcam,noise,mid,clahe,0.391019982140779,0.21975041416784122
803120c5d287,resnet50,gradcam,noise,mid,genai,0.46269437151687665,0.719224664568901
803120c5d287,resnet50,gradcam,noise,high,raw,0.4894970020273167,0.18806594014167782
803120c5d287,resnet50,gradcam,noise,high,clahe,0.4729838299751792,0.17994449026882647
803120c5d287,resnet50,gradcam,noise,high,genai,0.4350426802427933,0.5863875091075897
5b068765e846,resnet50,gradcam,blur,low,raw,0.4425119158825061,0.17288225510468083
5b068765e846,resnet50,gradcam,blur,low,clahe,0.22053303034197283,0.033851063903421165
5b068765e846,resnet50,gradcam,blur,low,genai,0.16734687161901693,0.18032558386524516
5b068765e846,resnet50,gradcam,blur,mid,raw,-0.15766926891443572,0.03655415630588929
5b068765e846,resnet50,gradcam,blur,mid,clahe,0.17029482530780252,0.052595940760026376
5b068765e846,resnet50,gradcam,blur,mid,genai,0.08734455177620526,0.0304831779251496
5b068765e846,resnet50,gradcam,blur,high,raw,-0.23781936699116044,0.10649764146655799
5b068765e846,resnet50,gradcam,blur,high,clahe,0.025307711810958373,0.05792756707717975
5b068765e846,resnet50,gradcam,blur,high,genai,-0.2924383060439119,0.09434922573467097
5b068765e846,resnet50,gradcam,exposure,low,raw,0.5280644125721069,0.5180268876875441
5b068765e846,resnet50,gradcam,exposure,low,clahe,0.5568100356968976,0.22623577748114862
5b068765e846,resnet50,gradcam,exposure,low,genai,0.20552977884036555,0.10212006817261378
5b068765e846,resnet50,gradcam,exposure,mid,raw,0.5955993663411209,0.46682524308562273
5b068765e846,resnet50,gradcam,exposure,mid,clahe,0.33138060841227945,0.279073567998906
5b068765e846,resnet50,gradcam,exposure,mid,genai,0.20447513439382922,0.1589075504491727
5b068765e846,resnet50,gradcam,exposure,high,raw,0.0651581887823012,0.18860146639247735
5b068765e846,resnet50,gradcam,exposure,high,clahe,0.2623705621145685,0.15436962054421502
5b068765e846,resnet50,gradcam,exposure,high,genai,0.2067788020956683,0.17063523220519228
5b068765e846,resnet50,gradcam,noise,low,raw,0.32325152781284594,0.40553385398040215
5b068765e846,resnet50,gradcam,noise,low,clahe,0.38357456808769674,0.10810531686681012
5b068765e846,resnet50,gradcam,noise,low,genai,0.23666276499688194,0.23766304515302178
5b068765e846,resnet50,gradcam,noise,mid,raw,0.17341083881601246,0.19793466130892437
5b068765e846,resnet50,gradcam,noise,mid,clahe,0.3128698600083434,0.09825784297039113
5b068765e846,resnet50,gradcam,noise,mid,genai,0.19280529091886206,0.1176661688213547
5b068765e846,resnet50,gradcam,noise,high,raw,0.5012737188034255,0.13928399776729444
5b068765e846,resnet50,gradcam,noise,high,clahe,0.5931140138732685,0.09680430302396417
5b068765e846,resnet50,gradcam,noise,high,genai,-0.07014937694559568,0.04204702948530515
9fab29e69a6b,resnet50,gradcam,blur,low,raw,0.3406331434388259,0.6031590089201928
9fab29e69a6b,resnet50,gradcam,blur,low,clahe,0.2334351980915374,0.6482362677653629
9fab29e69a6b,resnet50,gradcam,blur,low,genai,0.664791186838379,0.576329663892587
9fab29e69a6b,resnet50,gradcam,blur,mid,raw,-0.03376891279609557,0.5708620607852936
9fab29e69a6b,resnet50,gradcam,blur,mid,clahe,-0.2607582323765364,0.42372667118906976
9fab29e69a6b,resnet50,gradcam,blur,mid,genai,-0.47712328490714195,0.6196214253703753
9fab29e69a6b,resnet50,gradcam,blur,high,raw,-0.347563550379753,0.35404731631278985
9fab29e69a6b,resnet50,gradcam,blur,high,clahe,0.02981304060704127,0.7157674461603164
9fab29e69a6b,resnet50,gradcam,blur,high,genai,-0.15464703392738455,0.31832897365093227
9fab29e69a6b,resnet50,gradcam,exposure,low,raw,0.19723375808926608,0.5313617666562398
9fab29e69a6b,resnet50,gradcam,exposure,low,clahe,0.4103280469420141,0.6071020935972532
9fab29e69a6b,resnet50,gradcam,exposure,low,genai,0.5026577680054649,0.511093012491862
9fab29e69a6b,resnet50,gradcam,exposure,mid,raw,0.3898989406585084,0.3313701694210371
9fab29e69a6b,resnet50,gradcam,exposure,mid,clahe,0.4272166306107136,0.6047049552202225
9fab29e69a6b,resnet50,gradcam,exposure,mid,genai,0.6883101586750477,0.6684317559003831
9fab29e69a6b,resnet50,gradcam,exposure,high,raw,0.7199903985816406,0.36098601569732025
9fab29e69a6b,resnet50,gradcam,exposure,high,clahe,0.5548653128055689,0.6304592048128445
9fab29e69a6b,resnet50,gradcam,exposure,high,genai,0.28772226590748384,0.41801129778226215
9fab29e69a6b,resnet50,gradcam,noise,low,raw,0.6320077404827928,0.5429788346091906
9fab29e69a6b,resnet50,gradcam,noise,low,clahe,0.5194880573942788,0.6063026756048203
9fab29e69a6b,resnet50,gradcam,noise,low,genai,0.6313965204738936,0.32296988939245547
9fab29e69a6b,resnet50,gradcam,noise,mid,raw,0.7726748809024074,0.6615289747714997
9fab29e69a6b,resnet50,gradcam,noise,mid,clahe,0.49511262512219234,0.44635625978310906
9fab29e69a6b,resnet50,gradcam,noise,mid,genai,0.6357593767052341,0.24748667416473236
9fab29e69a6b,resnet50,gradcam,noise,high,raw,0.20512847364976852,0.6594262262185414
9fab29e69a6b,resnet50,gradcam,noise,high,clahe,0.17632774899407852,0.5894927551349003
9fab29e69a6b,resnet50,gradcam,noise,high,genai,0.5558234375744683,0.45105538964271547
495255c7492f,resnet50,gradcam,blur,low,raw,0.18084527319409907,0.20253010690212248
495255c7492f,resnet50,gradcam,blur,low,clahe,0.2419361959067066,0.04564042019968232
495255c7492f,resnet50,gradcam,blur,low,genai,-0.12945878123633442,0.24250185700754323
495255c7492f,resnet50,gradcam,blur,mid,raw,0.3636959113930307,0.12911156540115673
495255c7492f,resnet50,gradcam,blur,mid,clahe,0.3073166084218703,0.03924458315595984
495255c7492f,resnet50,gradcam,blur,mid,genai,0.3450307008699418,0.19542954241236046
495255c7492f,resnet50,gradcam,blur,high,raw,-0.23134931961421037,0.11820307405044636
495255c7492f,resnet50,gradcam,blur,high,clahe,0.058466363814351746,0.041457659642522536
495255c7492f,resnet50,gradcam,blur,high,genai,-0.07588583097006632,0.15177471215526264
495255c7492f,resnet50,gradcam,exposure,low,raw,0.009294381093724739,0.43002205677330496
495255c7492f,resnet50,gradcam,exposure,low,clahe,-0.05119321188073373,0.07406847807578741
495255c7492f,resnet50,gradcam,exposure,low,genai,-0.03805651700937371,0.39335423111915596
495255c7492f,resnet50,gradcam,exposure,mid,raw,0.13909838278022216,0.4184169388065735
495255c7492f,resnet50,gradcam,exposure,mid,clahe,-0.17695732895007202,0.05609417085846266
495255c7492f,resnet50,gradcam,exposure,mid,genai,-0.014776865643200474,0.289621785407265
495255c7492f,resnet50,gradcam,exposure,high,raw,0.28609428412402943,0.2993948742747306
495255c7492f,resnet50,gradcam,exposure,high,clahe,-0.18952175830321633,0.10780554466570418
495255c7492f,resnet50,gradcam,exposure,high,genai,0.22661014224009352,0.2363198060542345
495255c7492f,resnet50,gradcam,noise,low,raw,0.2745913417274663,0.24526889833311238
495255c7492f,resnet50,gradcam,noise,low,clahe,0.507161188561069,0.08718942888081074
495255c7492f,resnet50,gradcam,noise,low,genai,-0.12525122346295536,0.17455004462972282
495255c7492f,resnet50,gradcam,noise,mid,raw,0.3177250474916411,0.19071666325132053
495255c7492f,resnet50,gradcam,noise,mid,clahe,0.6542025357789981,0.1142696843482554
495255c7492f,resnet50,gradcam,noise,mid,genai,0.4707112260445996,0.23183232819040614
495255c7492f,resnet50,gradcam,noise,high,raw,0.31680678392230893,0.11845626812428237
495255c7492f,resnet50,gradcam,noise,high,clahe,0.550990105161234,0.09439207973579565
495255c7492f,resnet50,gradcam,noise,high,genai,0.12776195220130027,0.3030877560377121
2cbfc6182ba2,resnet50,gradcam,blur,low,raw,0.32388743192801245,0.5789027109742164
2cbfc6182ba2,resnet50,gradcam,blur,low,clahe,0.23508095134148652,0.42413470645745593
2cbfc6182ba2,resnet50,gradcam,blur,low,genai,0.3333292494889301,0.6705391560991607
2cbfc6182ba2,resnet50,gradcam,blur,mid,raw,0.3014570685755886,0.18801640594999
2cbfc6182ba2,resnet50,gradcam,blur,mid,clahe,-0.049216179718992094,0.23081314712762835
2cbfc6182ba2,resnet50,gradcam,blur,mid,genai,0.3188321344114151,0.2858291231095791
2cbfc6182ba2,resnet50,gradcam,blur,high,raw,0.3369784964883492,0.1328740100065867
2cbfc6182ba2,resnet50,gradcam,blur,high,clahe,0.015443708329913293,0.11001936091730992
2cbfc6182ba2,resnet50,gradcam,blur,high,genai,0.3012177942139268,0.18940874847273032
2cbfc6182ba2,resnet50,gradcam,exposure,low,raw,0.49535927500235544,0.5018290708462398
2cbfc6182ba2,resnet50,gradcam,exposure,low,clahe,0.40684959679605687,0.4392699753244719
2cbfc6182ba2,resnet50,gradcam,exposure,low,genai,0.44048182646794853,0.5208755411207676
2cbfc6182ba2,resnet50,gradcam,exposure,mid,raw,0.3926222137020005,0.5503457402189572
2cbfc6182ba2,resnet50,gradcam,exposure,mid,clahe,0.3752973946425046,0.38480149010817216
2cbfc6182ba2,resnet50,gradcam,exposure,mid,genai,0.411468256759842,0.5923235267400742
2cbfc6182ba2,resnet50,gradcam,exposure,high,raw,0.36119826033434393,0.3837899858752886
2cbfc6182ba2,resnet50,gradcam,exposure,high,clahe,0.3802991794306597,0.24247928212086362
2cbfc6182ba2,resnet50,gradcam,exposure,high,genai,0.4192556914077421,0.28437510679165523
2cbfc6182ba2,resnet50,gradcam,noise,low,raw,0.3524127966665125,0.27716381624341013
2cbfc6182ba2,resnet50,gradcam,noise,low,clahe,0.1508633157178178,0.3101937308907509
2cbfc6182ba2,resnet50,gradcam,noise,low,genai,0.5001059179935524,0.40143843889236447
2cbfc6182ba2,resnet50,gradcam,noise,mid,raw,0.295527472071937,0.2898745094736416
2cbfc6182ba2,resnet50,gradcam,noise,mid,clahe,0.23769027986664334,0.29934699187676117
2cbfc6182ba2,resnet50,gradcam,noise,mid,genai,0.3620325344067562,0.6816492567459741
2cbfc6182ba2,resnet50,gradcam,noise,high,raw,0.2875483911196028,0.1139676117648681
2cbfc6182ba2,resnet50,gradcam,noise,high,clahe,0.18776141190237688,0.17552940994501112
2cbfc6182ba2,resnet50,gradcam,noise,high,genai,0.5187033982438516,0.3842767412463824
d774692d9919,resnet50,gradcam,blur,low,raw,0.8682128966573409,0.9312152663866679
d774692d9919,resnet50,gradcam,blur,low,clahe,0.5862956352194596,0.8766517221927642
d774692d9919,resnet50,gradcam,blur,low,genai,0.8848102335658377,0.9058016190926234
d774692d9919,resnet50,gradcam,blur,mid,raw,0.8334773463888057,0.9096273163954415
d774692d9919,resnet50,gradcam,blur,mid,clahe,0.041876527317611684,0.8742342025041578
d774692d9919,resnet50,gradcam,blur,mid,genai,0.806878081785793,0.910708009203275
d774692d9919,resnet50,gradcam,blur,high,raw,0.8010529931738944,0.7950640261173247
d774692d9919,resnet50,gradcam,blur,high,clahe,-0.08259753220283535,0.4397225610911845
d774692d9919,resnet50,gradcam,blur,high,genai,0.7243041166801651,0.7904416561126709
d774692d9919,resnet50,gradcam,exposure,low,raw,0.8720984031104198,0.9117114285628
d774692d9919,resnet50,gradcam,exposure,low,clahe,0.793277036045236,0.8925148218870163
d774692d9919,resnet50,gradcam,exposure,low,genai,0.8604729359458799,0.8994294246037802
d774692d9919,resnet50,gradcam,exposure,mid,raw,0.8783330644980787,0.8821637421846389
d774692d9919,resnet50,gradcam,exposure,mid,clahe,0.8673541096905908,0.874951230486234
d774692d9919,resnet50,gradcam,exposure,mid,genai,0.8431219222313722,0.8695975492397944
d774692d9919,resnet50,gradcam,exposure,high,raw,0.8581144040424806,0.811923905213674
d774692d9919,resnet50,gradcam,exposure,high,clahe,0.6202769318034413,0.7975603262583415
d774692d9919,resnet50,gradcam,exposure,high,genai,0.8396235471347322,0.8386092861493428
d774692d9919,resnet50,gradcam,noise,low,raw,0.8847384357450264,0.8905416478713354
d774692d9919,resnet50,gradcam,noise,low,clahe,0.8128700731655051,0.8354786038398743
d774692d9919,resnet50,gradcam,noise,low,genai,0.8920176826048034,0.9029080500205358
d774692d9919,resnet50,gradcam,noise,mid,raw,0.8178794144514978,0.78707066377004
d774692d9919,resnet50,gradcam,noise,mid,clahe,0.5588682992864736,0.6848050038019816
d774692d9919,resnet50,gradcam,noise,mid,genai,0.8621659114237956,0.8998683363199234
d774692d9919,resnet50,gradcam,noise,high,raw,0.19045157266548,0.669079344968001
d774692d9919,resnet50,gradcam,noise,high,clahe,-0.10194613478573702,0.27899036804835003
d774692d9919,resnet50,gradcam,noise,high,genai,0.8135064214100152,0.8992028435071309
cff262ed8f4c,resnet50,gradcam,blur,low,raw,0.5020478022510738,0.862219363451004
cff262ed8f4c,resnet50,gradcam,blur,low,clahe,0.645431593495804,0.6889318058888118
cff262ed8f4c,resnet50,gradcam,blur,low,genai,0.8230492718271195,0.8345561315615971
cff262ed8f4c,resnet50,gradcam,blur,mid,raw,0.20729017501453478,0.6192353362838426
cff262ed8f4c,resnet50,gradcam,blur,mid,clahe,0.23265501452888,0.10051538689682879
cff262ed8f4c,resnet50,gradcam,blur,mid,genai,0.3415001833539297,0.567112233241399
cff262ed8f4c,resnet50,gradcam,blur,high,raw,0.6905521796828872,0.3561887697627148
cff262ed8f4c,resnet50,gradcam,blur,high,clahe,0.06577350919953395,0.08598514286180339
cff262ed8f4c,resnet50,gradcam,blur,high,genai,0.5591237659470418,0.35613231385747585
cff262ed8f4c,resnet50,gradcam,exposure,low,raw,0.892704945643124,0.8196451435486475
cff262ed8f4c,resnet50,gradcam,exposure,low,clahe,0.7525345650472578,0.7716905176639557
cff262ed8f4c,resnet50,gradcam,exposure,low,genai,0.8766202969135761,0.8325253913799922
cff262ed8f4c,resnet50,gradcam,exposure,mid,raw,0.8626943339187266,0.8148933758338293
cff262ed8f4c,resnet50,gradcam,exposure,mid,clahe,0.870290968924437,0.7289283027251562
cff262ed8f4c,resnet50,gradcam,exposure,mid,genai,0.8447956196989101,0.7796144813299177
cff262ed8f4c,resnet50,gradcam,exposure,high,raw,0.8296555032359559,0.7612006172537803
cff262ed8f4c,resnet50,gradcam,exposure,high,clahe,0.7472067165027783,0.5729625691970188
cff262ed8f4c,resnet50,gradcam,exposure,high,genai,0.7586678067063767,0.7119670197367667
cff262ed8f4c,resnet50,gradcam,noise,low,raw,0.8239203550422398,0.7984773029883702
cff262ed8f4c,resnet50,gradcam,noise,low,clahe,0.7952767476131888,0.6778933783372243
cff262ed8f4c,resnet50,gradcam,noise,low,genai,0.8096286366706714,0.8517847081025443
cff262ed8f4c,resnet50,gradcam,noise,mid,raw,0.8345219091462427,0.6246235360701878
cff262ed8f4c,resnet50,gradcam,noise,mid,clahe,0.4147562682546275,0.5405574565132458
cff262ed8f4c,resnet50,gradcam,noise,mid,genai,0.6111704467160017,0.7253736992677052
cff262ed8f4c,resnet50,gradcam,noise,high,raw,0.4530470349156639,0.2291685770576199
cff262ed8f4c,resnet50,gradcam,noise,high,clahe,0.15825998657902476,0.1961990868051847
cff262ed8f4c,resnet50,gradcam,noise,high,genai,0.5778824791756497,0.6549955050150553
4dbce359d0e1,resnet50,gradcam,blur,low,raw,0.7297801108946663,0.6996039271354675
4dbce359d0e1,resnet50,gradcam,blur,low,clahe,0.48099499944108065,0.2648373239984115
4dbce359d0e1,resnet50,gradcam,blur,low,genai,0.3901338102504344,0.6655241469542185
4dbce359d0e1,resnet50,gradcam,blur,mid,raw,0.5331384291596587,0.33111931184927623
4dbce359d0e1,resnet50,gradcam,blur,mid,clahe,0.26430512988691557,0.23737112556894618
4dbce359d0e1,resnet50,gradcam,blur,mid,genai,0.6130167202207966,0.6105540990829467
4dbce359d0e1,resnet50,gradcam,blur,high,raw,-0.20371079883943816,0.08237611080209414
4dbce359d0e1,resnet50,gradcam,blur,high,clahe,0.14362959268861755,0.08903947540869317
4dbce359d0e1,resnet50,gradcam,blur,high,genai,-0.15181667044696384,0.0840219574049115
4dbce359d0e1,resnet50,gradcam,exposure,low,raw,0.7166131668333878,0.7662277067701021
4dbce359d0e1,resnet50,gradcam,exposure,low,clahe,0.47588354217371626,0.5711544652779899
4dbce359d0e1,resnet50,gradcam,exposure,low,genai,0.7513509575004563,0.7443540304899215
4dbce359d0e1,resnet50,gradcam,exposure,mid,raw,0.7191157202847597,0.7543306147058804
4dbce359d0e1,resnet50,gradcam,exposure,mid,clahe,0.5116370312713524,0.5861044565836588
4dbce359d0e1,resnet50,gradcam,exposure,mid,genai,0.7166690331826273,0.7436593035856883
4dbce359d0e1,resnet50,gradcam,exposure,high,raw,0.8365316030249896,0.5803569612403712
4dbce359d0e1,resnet50,gradcam,exposure,high,clahe,0.38827312047140156,0.4638371616601944
4dbce359d0e1,resnet50,gradcam,exposure,high,genai,0.6578109724204101,0.6145344659686088
4dbce359d0e1,resnet50,gradcam,noise,low,raw,0.7375014110818137,0.643850937485695
4dbce359d0e1,resnet50,gradcam,noise,low,clahe,0.5517350874443714,0.3665147417535384
4dbce359d0e1,resnet50,gradcam,noise,low,genai,0.7837426884962819,0.7356486817200979
4dbce359d0e1,resnet50,gradcam,noise,mid,raw,0.5957384123529875,0.3683327610294024
4dbce359d0e1,resnet50,gradcam,noise,mid,clahe,0.5225298943573513,0.2936992756401499
4dbce359d0e1,resnet50,gradcam,noise,mid,genai,0.6922791751307105,0.6782446076472601
4dbce359d0e1,resnet50,gradcam,noise,high,raw,0.31245911834937373,0.16410768001029885
4dbce359d0e1,resnet50,gradcam,noise,high,clahe,0.21413420852044898,0.16715002345542115
4dbce359d0e1,resnet50,gradcam,noise,high,genai,0.624325006089266,0.6840165590246519
bd06028eb7dd,resnet50,gradcam,blur,low,raw,0.9143276919889306,0.9386696517467499
bd06028eb7dd,resnet50,gradcam,blur,low,clahe,0.899401784677688,0.9237737745046616
bd06028eb7dd,resnet50,gradcam,blur,low,genai,0.9093482781985462,0.9167561799287794
bd06028eb7dd,resnet50,gradcam,blur,mid,raw,0.8058070668113013,0.9187461862961451
bd06028eb7dd,resnet50,gradcam,blur,mid,clahe,0.22294198845361132,0.8764298101266225
bd06028eb7dd,resnet50,gradcam,blur,mid,genai,0.7845421827988632,0.9302296648422876
bd06028eb7dd,resnet50,gradcam,blur,high,raw,0.8699655833084893,0.8273252069950106
bd06028eb7dd,resnet50,gradcam,blur,high,clahe,0.0929361842696217,0.777259195347627
bd06028eb7dd,resnet50,gradcam,blur,high,genai,0.8230518085834428,0.8801710863908132
bd06028eb7dd,resnet50,gradcam,exposure,low,raw,0.8943796581120977,0.912151899933815
bd06028eb7dd,resnet50,gradcam,exposure,low,clahe,0.8733766487752685,0.889448184768359
bd06028eb7dd,resnet50,gradcam,exposure,low,genai,0.9206880762291603,0.9006208360195159
bd06028eb7dd,resnet50,gradcam,exposure,mid,raw,0.9193462320234016,0.8962736328442892
bd06028eb7dd,resnet50,gradcam,exposure,mid,clahe,0.7867585090936935,0.8828227589527766
bd06028eb7dd,resnet50,gradcam,exposure,mid,genai,0.8937947330755383,0.8772959252198537
bd06028eb7dd,resnet50,gradcam,exposure,high,raw,0.9058546440184985,0.8355864802996318
bd06028eb7dd,resnet50,gradcam,exposure,high,clahe,0.8571882553692717,0.8586437473694483
bd06028eb7dd,resnet50,gradcam,exposure,high,genai,0.8676954858178828,0.8574135641256968
bd06028eb7dd,resnet50,gradcam,noise,low,raw,0.90396181563298,0.8902298420667649
bd06028eb7dd,resnet50,gradcam,noise,low,clahe,0.9028920842844705,0.8361874530712765
bd06028eb7dd,resnet50,gradcam,noise,low,genai,0.9196884985695292,0.9110855052868525
bd06028eb7dd,resnet50,gradcam,noise,mid,raw,0.841658062175297,0.815461786588033
bd06028eb7dd,resnet50,gradcam,noise,mid,clahe,0.5987021269718007,0.6665090501308439
bd06028eb7dd,resnet50,gradcam,noise,mid,genai,0.8359551082023085,0.9056628515323003
bd06028eb7dd,resnet50,gradcam,noise,high,raw,0.7024329592324772,0.6951180140177408
bd06028eb7dd,resnet50,gradcam,noise,high,clahe,0.7493276060313443,0.4633503258228303
bd06028eb7dd,resnet50,gradcam,noise,high,genai,0.9226375023533065,0.9302352587381998
93802d1e3c41,resnet50,gradcam,blur,low,raw,0.7743644353566875,0.9392506529887518
93802d1e3c41,resnet50,gradcam,blur,low,clahe,0.5374468161506737,0.932358099023501
93802d1e3c41,resnet50,gradcam,blur,low,genai,0.7977884112243315,0.9235407064358392
93802d1e3c41,resnet50,gradcam,blur,mid,raw,0.6953182260804243,0.912751026948293
93802d1e3c41,resnet50,gradcam,blur,mid,clahe,0.6230521729264173,0.8936521838108699
93802d1e3c41,resnet50,gradcam,blur,mid,genai,0.6917006082029328,0.9371691097815831
93802d1e3c41,resnet50,gradcam,blur,high,raw,0.7972305063252512,0.7940085421005885
93802d1e3c41,resnet50,gradcam,blur,high,clahe,0.4391128018828292,0.6982588152090708
93802d1e3c41,resnet50,gradcam,blur,high,genai,0.7597463624685328,0.8421922355890273
93802d1e3c41,resnet50,gradcam,exposure,low,raw,0.798358401375027,0.9248534242312113
93802d1e3c41,resnet50,gradcam,exposure,low,clahe,0.7767953404769125,0.91249460875988
93802d1e3c41,resnet50,gradcam,exposure,low,genai,0.7768760145418915,0.9157616645097731
93802d1e3c41,resnet50,gradcam,exposure,mid,raw,0.7922533245722319,0.9025913993517558
93802d1e3c41,resnet50,gradcam,exposure,mid,clahe,0.4024406710366222,0.9084761252005895
93802d1e3c41,resnet50,gradcam,exposure,mid,genai,0.7866644927854017,0.8966119567553202
93802d1e3c41,resnet50,gradcam,exposure,high,raw,0.7915504145507645,0.8373436957597731
93802d1e3c41,resnet50,gradcam,exposure,high,clahe,0.6372667957221803,0.8632806181907654
93802d1e3c41,resnet50,gradcam,exposure,high,genai,0.7767868751671894,0.8435120095809301
93802d1e3c41,resnet50,gradcam,noise,low,raw,0.8054345430024009,0.9019907434781393
93802d1e3c41,resnet50,gradcam,noise,low,clahe,0.6988497044330971,0.885047267874082
93802d1e3c41,resnet50,gradcam,noise,low,genai,0.8035597857542219,0.9264367312192917
93802d1e3c41,resnet50,gradcam,noise,mid,raw,0.849553183159238,0.8381271471579869
93802d1e3c41,resnet50,gradcam,noise,mid,clahe,0.8318360041863411,0.7301966925462087
93802d1e3c41,resnet50,gradcam,noise,mid,genai,0.8008486473454692,0.9280727426211037
93802d1e3c41,resnet50,gradcam,noise,high,raw,0.7626002831954907,0.7716472526391348
93802d1e3c41,resnet50,gradcam,noise,high,clahe,0.6687451166327559,0.5240969171126683
93802d1e3c41,resnet50,gradcam,noise,high,genai,0.8636944377599417,0.9380673170089722
8ac0c44bbf24,resnet50,gradcam,blur,low,raw,0.1057569860002175,0.8039543598890304
8ac0c44bbf24,resnet50,gradcam,blur,low,clahe,0.12028180100453524,0.787194490432739
8ac0c44bbf24,resnet50,gradcam,blur,low,genai,-0.0011148101148540212,0.7557914465665818
8ac0c44bbf24,resnet50,gradcam,blur,mid,raw,-0.06463268877045361,0.8371566176414489
8ac0c44bbf24,resnet50,gradcam,blur,mid,clahe,-0.061826660011463336,0.7474476526180902
8ac0c44bbf24,resnet50,gradcam,blur,mid,genai,-0.18725435683765976,0.7922690083583196
8ac0c44bbf24,resnet50,gradcam,blur,high,raw,-0.3481108526693176,0.4361883024374643
8ac0c44bbf24,resnet50,gradcam,blur,high,clahe,-0.016771618991675088,0.6627574702103932
8ac0c44bbf24,resnet50,gradcam,blur,high,genai,-0.22886546988198325,0.5212139661113421
8ac0c44bbf24,resnet50,gradcam,exposure,low,raw,-0.027743079451586813,0.7905231515566509
8ac0c44bbf24,resnet50,gradcam,exposure,low,clahe,0.07745434027535225,0.7076752543449402
8ac0c44bbf24,resnet50,gradcam,exposure,low,genai,-0.15330469621696957,0.8097311784823735
8ac0c44bbf24,resnet50,gradcam,exposure,mid,raw,0.02014253773320196,0.7530459731817245
8ac0c44bbf24,resnet50,gradcam,exposure,mid,clahe,0.18010874309586233,0.6460053736964864
8ac0c44bbf24,resnet50,gradcam,exposure,mid,genai,-0.06721247904388808,0.7260660479466121
8ac0c44bbf24,resnet50,gradcam,exposure,high,raw,-0.1139748707465827,0.7543857331077258
8ac0c44bbf24,resnet50,gradcam,exposure,high,clahe,-0.23567075637409923,0.7812258273363114
8ac0c44bbf24,resnet50,gradcam,exposure,high,genai,-0.09313932370824236,0.5522654702266058
8ac0c44bbf24,resnet50,gradcam,noise,low,raw,-0.08275842769184898,0.8217468708753586
8ac0c44bbf24,resnet50,gradcam,noise,low,clahe,-0.037090966058524744,0.7695765296618143
8ac0c44bbf24,resnet50,gradcam,noise,low,genai,-0.03061824460151321,0.7962239344914755
8ac0c44bbf24,resnet50,gradcam,noise,mid,raw,-0.03331650764181952,0.8309077620506287
8ac0c44bbf24,resnet50,gradcam,noise,mid,clahe,0.037909738453686545,0.7898197730382285
8ac0c44bbf24,resnet50,gradcam,noise,mid,genai,-0.2548168074191695,0.8359467248121899
8ac0c44bbf24,resnet50,gradcam,noise,high,raw,0.36337745658084913,0.7984012514352798
8ac0c44bbf24,resnet50,gradcam,noise,high,clahe,0.3680169113240409,0.6897522777318956
8ac0c44bbf24,resnet50,gradcam,noise,high,genai,-0.18345274435798903,0.8075438380241393
5ba156a35ff2,resnet50,gradcam,blur,low,raw,0.8827403135918568,0.9359780550003053
5ba156a35ff2,resnet50,gradcam,blur,low,clahe,0.8578408450172681,0.9241249988476435
5ba156a35ff2,resnet50,gradcam,blur,low,genai,0.8832925043105935,0.9035710473855335
5ba156a35ff2,resnet50,gradcam,blur,mid,raw,0.8163301700906768,0.9189924438794455
5ba156a35ff2,resnet50,gradcam,blur,mid,clahe,0.20701414655397643,0.7957923432191214
5ba156a35ff2,resnet50,gradcam,blur,mid,genai,0.7801350461374051,0.9116824577252071
5ba156a35ff2,resnet50,gradcam,blur,high,raw,0.8462857715702968,0.8387967179218928
5ba156a35ff2,resnet50,gradcam,blur,high,clahe,0.539572908014425,0.7897848149140676
5ba156a35ff2,resnet50,gradcam,blur,high,genai,0.8250716253531988,0.8464256316423415
5ba156a35ff2,resnet50,gradcam,exposure,low,raw,0.8584626512535962,0.908519372344017
5ba156a35ff2,resnet50,gradcam,exposure,low,clahe,0.8607880000403686,0.9022861063480379
5ba156a35ff2,resnet50,gradcam,exposure,low,genai,0.8852579349833205,0.9072720189889272
5ba156a35ff2,resnet50,gradcam,exposure,mid,raw,0.8655165744759934,0.9005400160948436
5ba156a35ff2,resnet50,gradcam,exposure,mid,clahe,0.8705439361156065,0.8886200974384943
5ba156a35ff2,resnet50,gradcam,exposure,mid,genai,0.8787187670096979,0.8951819688081741
5ba156a35ff2,resnet50,gradcam,exposure,high,raw,0.877809327596843,0.8459478298823039
5ba156a35ff2,resnet50,gradcam,exposure,high,clahe,0.837620559934976,0.8701771418253582
5ba156a35ff2,resnet50,gradcam,exposure,high,genai,0.9152762875185448,0.8314240525166194
5ba156a35ff2,resnet50,gradcam,noise,low,raw,0.8576331833001669,0.9039111753304798
5ba156a35ff2,resnet50,gradcam,noise,low,clahe,0.8787780983250284,0.8812240352233249
5ba156a35ff2,resnet50,gradcam,noise,low,genai,0.8568366879963001,0.9091828991969427
5ba156a35ff2,resnet50,gradcam,noise,mid,raw,0.8155079103483412,0.8458429872989653
5ba156a35ff2,resnet50,gradcam,noise,mid,clahe,0.7920400544562382,0.7974234799544017
5ba156a35ff2,resnet50,gradcam,noise,mid,genai,0.8698439401419216,0.9050752590099972
5ba156a35ff2,resnet50,gradcam,noise,high,raw,0.6702240671467987,0.6588713824748992
5ba156a35ff2,resnet50,gradcam,noise,high,clahe,0.5017792858771762,0.48685801078875857
5ba156a35ff2,resnet50,gradcam,noise,high,genai,0.8867820923093742,0.9057889809211096
5b5b80a3edee,resnet50,gradcam,blur,low,raw,0.1338948615373508,0.20861556430657704
5b5b80a3edee,resnet50,gradcam,blur,low,clahe,0.5126317825646632,0.20127174034714695
5b5b80a3edee,resnet50,gradcam,blur,low,genai,0.5184212517742081,0.34702067480732995
5b5b80a3edee,resnet50,gradcam,blur,mid,raw,-0.1149141592680149,0.5127859483162562
5b5b80a3edee,resnet50,gradcam,blur,mid,clahe,-0.1804527726544499,0.5306480392813682
5b5b80a3edee,resnet50,gradcam,blur,mid,genai,-0.2651657797651959,0.7703959097464879
5b5b80a3edee,resnet50,gradcam,blur,high,raw,-0.05839712803774094,0.8128891448179881
5b5b80a3edee,resnet50,gradcam,blur,high,clahe,-0.35019171960777956,0.710243644316991
5b5b80a3edee,resnet50,gradcam,blur,high,genai,-0.15235766255821237,0.7941228975852329
5b5b80a3edee,resnet50,gradcam,exposure,low,raw,0.3309165218577504,0.22480701506137848
5b5b80a3edee,resnet50,gradcam,exposure,low,clahe,0.41563660528657637,0.1582086238078773
5b5b80a3edee,resnet50,gradcam,exposure,low,genai,0.18258086378267313,0.2187657456845045
5b5b80a3edee,resnet50,gradcam,exposure,mid,raw,0.5512359923671237,0.23556452840566633
5b5b80a3edee,resnet50,gradcam,exposure,mid,clahe,0.15275646207815508,0.17898789780835309
5b5b80a3edee,resnet50,gradcam,exposure,mid,genai,0.02438850449243969,0.3497913202891747
5b5b80a3edee,resnet50,gradcam,exposure,high,raw,0.1884170988104288,0.3154857973257701
5b5b80a3edee,resnet50,gradcam,exposure,high,clahe,0.3406318730829688,0.6205928727984429
5b5b80a3edee,resnet50,gradcam,exposure,high,genai,0.10579308101705608,0.4517137661576271
5b5b80a3edee,resnet50,gradcam,noise,low,raw,0.308271298517617,0.3345200452953577
5b5b80a3edee,resnet50,gradcam,noise,low,clahe,0.44954889834582124,0.5823386716345945
5b5b80a3edee,resnet50,gradcam,noise,low,genai,0.16939516599806592,0.27102188151329754
5b5b80a3edee,resnet50,gradcam,noise,mid,raw,-0.12200070887313783,0.6778024057547252
5b5b80a3edee,resnet50,gradcam,noise,mid,clahe,0.10213681889280855,0.7402562141418456
5b5b80a3edee,resnet50,gradcam,noise,mid,genai,0.2252821444183644,0.4855503319452206
5b5b80a3edee,resnet50,gradcam,noise,high,raw,-0.09812118635403021,0.6657681132356327
5b5b80a3edee,resnet50,gradcam,noise,high,clahe,0.20881612825071916,0.6188336412111917
5b5b80a3edee,resnet50,gradcam,noise,high,genai,-0.2953973564637889,0.3457404231031736
2d07162a13b1,efficientnet_b3,gradcam,blur,low,raw,0.3205639939857476,0.6031570591032506
2d07162a13b1,efficientnet_b3,gradcam,blur,low,clahe,0.3361148459505425,0.5797567978501319
2d07162a13b1,efficientnet_b3,gradcam,blur,low,genai,0.24523543890559435,0.6006602513293425
2d07162a13b1,efficientnet_b3,gradcam,blur,mid,raw,0.1338386687019638,0.4356531863411267
2d07162a13b1,efficientnet_b3,gradcam,blur,mid,clahe,-0.006577937021601604,0.38874200955033306
2d07162a13b1,efficientnet_b3,gradcam,blur,mid,genai,0.18484115727453368,0.38269530658920603
2d07162a13b1,efficientnet_b3,gradcam,blur,high,raw,-0.1324319106674813,0.460286175707976
2d07162a13b1,efficientnet_b3,gradcam,blur,high,clahe,-0.14870245816296496,0.4345692629615466
2d07162a13b1,efficientnet_b3,gradcam,blur,high,genai,0.0015300714027838718,0.35966655289133387
2d07162a13b1,efficientnet_b3,gradcam,exposure,low,raw,-0.08834616258287922,0.6232034131884573
2d07162a13b1,efficientnet_b3,gradcam,exposure,low,clahe,0.3057378933829694,0.8020895481109619
2d07162a13b1,efficientnet_b3,gradcam,exposure,low,genai,0.15870498405150546,0.6343135088682174
2d07162a13b1,efficientnet_b3,gradcam,exposure,mid,raw,0.18455079313362419,0.6245967976748943
2d07162a13b1,efficientnet_b3,gradcam,exposure,mid,clahe,0.38488805550136845,0.6489773576458296
2d07162a13b1,efficientnet_b3,gradcam,exposure,mid,genai,0.12426884069436528,0.4685672017435233
2d07162a13b1,efficientnet_b3,gradcam,exposure,high,raw,0.4168365391751855,0.5233091220259666
2d07162a13b1,efficientnet_b3,gradcam,exposure,high,clahe,0.4657150260814608,0.3837432970603307
2d07162a13b1,efficientnet_b3,gradcam,exposure,high,genai,0.23954000638852954,0.4141348287463188
2d07162a13b1,efficientnet_b3,gradcam,noise,low,raw,0.3982025823869633,0.6896609703699749
2d07162a13b1,efficientnet_b3,gradcam,noise,low,clahe,0.39022646944509753,0.757590116560459
2d07162a13b1,efficientnet_b3,gradcam,noise,low,genai,0.21086793121639658,0.6493980358044306
2d07162a13b1,efficientnet_b3,gradcam,noise,mid,raw,0.3230651298068042,0.4970636762678623
2d07162a13b1,efficientnet_b3,gradcam,noise,mid,clahe,0.38717679915366054,0.49670929635564487
2d07162a13b1,efficientnet_b3,gradcam,noise,mid,genai,0.1592820203844407,0.6761569117506345
2d07162a13b1,efficientnet_b3,gradcam,noise,high,raw,0.37551213031912567,0.3435762828836839
2d07162a13b1,efficientnet_b3,gradcam,noise,high,clahe,0.19963303622787684,0.38694344436128936
2d07162a13b1,efficientnet_b3,gradcam,noise,high,genai,0.3599905852571963,0.7015063231190046
a32b5ce3d48a,efficientnet_b3,gradcam,blur,low,raw,0.10653391348236733,0.4261940071980158
a32b5ce3d48a,efficientnet_b3,gradcam,blur,low,clahe,0.07932020692327754,0.4698599418004354
a32b5ce3d48a,efficientnet_b3,gradcam,blur,low,genai,0.16417032207786056,0.3974525312582652
a32b5ce3d48a,efficientnet_b3,gradcam,blur,mid,raw,-0.003447996584096527,0.5031117344895999
a32b5ce3d48a,efficientnet_b3,gradcam,blur,mid,clahe,-0.014446321994729956,0.4928566341598828
a32b5ce3d48a,efficientnet_b3,gradcam,blur,mid,genai,0.4599390836009388,0.5305421938498814
a32b5ce3d48a,efficientnet_b3,gradcam,blur,high,raw,0.056089488704992696,0.545274469256401
a32b5ce3d48a,efficientnet_b3,gradcam,blur,high,clahe,-0.4413744381926288,0.5555100346604983
a32b5ce3d48a,efficientnet_b3,gradcam,blur,high,genai,0.0433738861426399,0.45698909411827726
a32b5ce3d48a,efficientnet_b3,gradcam,exposure,low,raw,0.2640172441451489,0.3459198780357839
a32b5ce3d48a,efficientnet_b3,gradcam,exposure,low,clahe,-0.10008918383799521,0.3383919661243756
a32b5ce3d48a,efficientnet_b3,gradcam,exposure,low,genai,0.36495153908038935,0.44133683691422143
a32b5ce3d48a,efficientnet_b3,gradcam,exposure,mid,raw,0.6365414634745125,0.41615335394938785
a32b5ce3d48a,efficientnet_b3,gradcam,exposure,mid,clahe,-0.3024843790534931,0.4895717675487201
a32b5ce3d48a,efficientnet_b3,gradcam,exposure,mid,genai,0.577617242756039,0.5687704890966415
a32b5ce3d48a,efficientnet_b3,gradcam,exposure,high,raw,0.7188221773773814,0.5145614179472129
a32b5ce3d48a,efficientnet_b3,gradcam,exposure,high,clahe,-0.12528173260075437,0.6613218513627848
a32b5ce3d48a,efficientnet_b3,gradcam,exposure,high,genai,0.6127371808733534,0.5143278164168199
a32b5ce3d48a,efficientnet_b3,gradcam,noise,low,raw,0.547173514586899,0.28262902498245235
a32b5ce3d48a,efficientnet_b3,gradcam,noise,low,clahe,0.6512246863745398,0.22948585102955504
a32b5ce3d48a,efficientnet_b3,gradcam,noise,low,genai,0.0968574553896466,0.3552475613852343
a32b5ce3d48a,efficientnet_b3,gradcam,noise,mid,raw,0.5316124342162016,0.3042188569903374
a32b5ce3d48a,efficientnet_b3,gradcam,noise,mid,clahe,0.33524339200798825,0.23115058541297914
a32b5ce3d48a,efficientnet_b3,gradcam,noise,mid,genai,0.09480035787478028,0.5975404717028141
a32b5ce3d48a,efficientnet_b3,gradcam,noise,high,raw,0.602765648864271,0.33697208215792973
a32b5ce3d48a,efficientnet_b3,gradcam,noise,high,clahe,0.3296185673322141,0.26503860205411905
a32b5ce3d48a,efficientnet_b3,gradcam,noise,high,genai,0.49078495186014426,0.4576234266161918
803120c5d287,efficientnet_b3,gradcam,blur,low,raw,0.5463503197249113,0.24255536347627638
803120c5d287,efficientnet_b3,gradcam,blur,low,clahe,-0.032854533649210635,0.11981271008650463
803120c5d287,efficientnet_b3,gradcam,blur,low,genai,0.5646966828196486,0.2528625103334585
803120c5d287,efficientnet_b3,gradcam,blur,mid,raw,0.10931367863113466,0.1637354349096616
803120c5d287,efficientnet_b3,gradcam,blur,mid,clahe,0.06348644159217517,0.17802991208930813
803120c5d287,efficientnet_b3,gradcam,blur,mid,genai,0.5562336707342355,0.19256700016558168
803120c5d287,efficientnet_b3,gradcam,blur,high,raw,-0.23550585296761029,0.09543980347613493
803120c5d287,efficientnet_b3,gradcam,blur,high,clahe,-0.24327539442721977,0.143080302203695
803120c5d287,efficientnet_b3,gradcam,blur,high,genai,-0.19866895523321743,0.06855564701060454
803120c5d287,efficientnet_b3,gradcam,exposure,low,raw,0.7170737879727888,0.4033159352838993
803120c5d287,efficientnet_b3,gradcam,exposure,low,clahe,0.3489501399996247,0.18739006121953328
803120c5d287,efficientnet_b3,gradcam,exposure,low,genai,0.6914041586066714,0.30778081615765895
803120c5d287,efficientnet_b3,gradcam,exposure,mid,raw,0.7763343791660997,0.4388643840948741
803120c5d287,efficientnet_b3,gradcam,exposure,mid,clahe,0.5286817355040548,0.19166671484708786
803120c5d287,efficientnet_b3,gradcam,exposure,mid,genai,0.5066111611406301,0.25274750938018165
803120c5d287,efficientnet_b3,gradcam,exposure,high,raw,0.7654379120151281,0.39886619150638575
803120c5d287,efficientnet_b3,gradcam,exposure,high,clahe,0.6357849640046724,0.21250730566680429
803120c5d287,efficientnet_b3,gradcam,exposure,high,genai,0.6319324604375259,0.1753614443043868
803120c5d287,efficientnet_b3,gradcam,noise,low,raw,0.6708123301834735,0.40325369288523993
803120c5d287,efficientnet_b3,gradcam,noise,low,clahe,0.5254892712369881,0.15660371730724967
803120c5d287,efficientnet_b3,gradcam,noise,low,genai,0.5319950922144329,0.307769533743461
803120c5d287,efficientnet_b3,gradcam,noise,mid,raw,0.5839057502342719,0.3386531889438629
803120c5d287,efficientnet_b3,gradcam,noise,mid,clahe,0.3680077290934171,0.21865519831577931
803120c5d287,efficientnet_b3,gradcam,noise,mid,genai,0.6502269352414475,0.1983101536830266
803120c5d287,efficientnet_b3,gradcam,noise,high,raw,0.5538444057875758,0.19436921427647272
803120c5d287,efficientnet_b3,gradcam,noise,high,clahe,0.2523298837064303,0.15053363107144832
803120c5d287,efficientnet_b3,gradcam,noise,high,genai,0.5149403244528776,0.2980211858948071
5b068765e846,efficientnet_b3,gradcam,blur,low,raw,0.11284581410761581,0.15263353486855824
5b068765e846,efficientnet_b3,gradcam,blur,low,clahe,-0.3792672932345141,0.0828993326673905
5b068765e846,efficientnet_b3,gradcam,blur,low,genai,0.046537239429014395,0.15474739919106165
5b068765e846,efficientnet_b3,gradcam,blur,mid,raw,0.20614230287352456,0.18828324601054194
5b068765e846,efficientnet_b3,gradcam,blur,mid,clahe,0.013728304546668355,0.13447244477768738
5b068765e846,efficientnet_b3,gradcam,blur,mid,genai,0.47090719526127134,0.10148442344119152
5b068765e846,efficientnet_b3,gradcam,blur,high,raw,0.2653292871271279,0.2725498338540395
5b068765e846,efficientnet_b3,gradcam,blur,high,clahe,-0.07506095751267176,0.14208155125379562
5b068765e846,efficientnet_b3,gradcam,blur,high,genai,-0.059589743718956145,0.2241836793720723
5b068765e846,efficientnet_b3,gradcam,exposure,low,raw,0.5419968936290611,0.22694020320971806
5b068765e846,efficientnet_b3,gradcam,exposure,low,clahe,-0.2708703674114111,0.07935966352621714
5b068765e846,efficientnet_b3,gradcam,exposure,low,genai,0.0464489205924196,0.1188912539432446
5b068765e846,efficientnet_b3,gradcam,exposure,mid,raw,0.17298978382280839,0.17363549309472243
5b068765e846,efficientnet_b3,gradcam,exposure,mid,clahe,-0.22915630817629912,0.057322120169798534
5b068765e846,efficientnet_b3,gradcam,exposure,mid,genai,0.07032538623156807,0.12119127462307613
5b068765e846,efficientnet_b3,gradcam,exposure,high,raw,0.4462032474111185,0.23296820918718972
5b068765e846,efficientnet_b3,gradcam,exposure,high,clahe,-0.3377193046652839,0.043887170435239875
5b068765e846,efficientnet_b3,gradcam,exposure,high,genai,-0.20130668410992844,0.10558866231391827
5b068765e846,efficientnet_b3,gradcam,noise,low,raw,0.33173814269384294,0.16187604442238807
5b068765e846,efficientnet_b3,gradcam,noise,low,clahe,-0.27937212225373526,0.052200026748081045
5b068765e846,efficientnet_b3,gradcam,noise,low,genai,-0.514574813425991,0.1360627928127845
5b068765e846,efficientnet_b3,gradcam,noise,mid,raw,0.40677533359377444,0.11295844316482544
5b068765e846,efficientnet_b3,gradcam,noise,mid,clahe,0.025397633384068346,0.08929147757589817
5b068765e846,efficientnet_b3,gradcam,noise,mid,genai,0.08100623641768116,0.14954785058895748
5b068765e846,efficientnet_b3,gradcam,noise,high,raw,0.43416404405263564,0.10562827152510482
5b068765e846,efficientnet_b3,gradcam,noise,high,clahe,0.32884649422360585,0.09254927337169645
5b068765e846,efficientnet_b3,gradcam,noise,high,genai,0.32275689975560484,0.13260885030031205
9fab29e69a6b,efficientnet_b3,gradcam,blur,low,raw,0.6198657600816618,0.4246185516317685
9fab29e69a6b,efficientnet_b3,gradcam,blur,low,clahe,0.5863068997976092,0.34379530722896257
9fab29e69a6b,efficientnet_b3,gradcam,blur,low,genai,0.24131845597861407,0.39908448929588
9fab29e69a6b,efficientnet_b3,gradcam,blur,mid,raw,0.29214936151242327,0.36910693943500517
9fab29e69a6b,efficientnet_b3,gradcam,blur,mid,clahe,0.494873835205081,0.3942930889626345
9fab29e69a6b,efficientnet_b3,gradcam,blur,mid,genai,-0.15044109517909557,0.29339333474636076
9fab29e69a6b,efficientnet_b3,gradcam,blur,high,raw,-0.04160084306695203,0.5116051172216733
9fab29e69a6b,efficientnet_b3,gradcam,blur,high,clahe,-0.1718642430104658,0.5100728079676629
9fab29e69a6b,efficientnet_b3,gradcam,blur,high,genai,-0.08030322565877974,0.4190765793124835
9fab29e69a6b,efficientnet_b3,gradcam,exposure,low,raw,0.3880799658553053,0.397652876873811
9fab29e69a6b,efficientnet_b3,gradcam,exposure,low,clahe,0.5984286923266054,0.21986577610174812
9fab29e69a6b,efficientnet_b3,gradcam,exposure,low,genai,0.06545446908793394,0.5383405757447084
9fab29e69a6b,efficientnet_b3,gradcam,exposure,mid,raw,0.22005463772953568,0.4038971826434135
9fab29e69a6b,efficientnet_b3,gradcam,exposure,mid,clahe,0.4680587794444911,0.38555366719762485
9fab29e69a6b,efficientnet_b3,gradcam,exposure,mid,genai,0.4283520106021297,0.5312854841351509
9fab29e69a6b,efficientnet_b3,gradcam,exposure,high,raw,0.4611481637832973,0.4652028133471807
9fab29e69a6b,efficientnet_b3,gradcam,exposure,high,clahe,0.30942173443693055,0.5729359592000643
9fab29e69a6b,efficientnet_b3,gradcam,exposure,high,genai,0.5399117140595958,0.559148762623469
9fab29e69a6b,efficientnet_b3,gradcam,noise,low,raw,0.5589768767837557,0.30976360638936357
9fab29e69a6b,efficientnet_b3,gradcam,noise,low,clahe,0.4406177899239226,0.18334302976727485
9fab29e69a6b,efficientnet_b3,gradcam,noise,low,genai,0.29840453703530634,0.4976619640986125
9fab29e69a6b,efficientnet_b3,gradcam,noise,mid,raw,-0.043016916969509676,0.16293703988194466
9fab29e69a6b,efficientnet_b3,gradcam,noise,mid,clahe,0.5259335940142051,0.19714202495912714
9fab29e69a6b,efficientnet_b3,gradcam,noise,mid,genai,0.212802530185547,0.501936960220337
9fab29e69a6b,efficientnet_b3,gradcam,noise,high,raw,-0.021943082788260116,0.2604152190188566
9fab29e69a6b,efficientnet_b3,gradcam,noise,high,clahe,0.19354072105357994,0.19058399597803755
9fab29e69a6b,efficientnet_b3,gradcam,noise,high,genai,0.01318543971052285,0.4775357944269975
495255c7492f,efficientnet_b3,gradcam,blur,low,raw,-0.09554360870041465,0.22515235592921573
495255c7492f,efficientnet_b3,gradcam,blur,low,clahe,-0.3459479537015151,0.09334496135512989
495255c7492f,efficientnet_b3,gradcam,blur,low,genai,-0.3122719821751753,0.2031088841458162
495255c7492f,efficientnet_b3,gradcam,blur,mid,raw,-0.15360294177096806,0.1428272208819787
495255c7492f,efficientnet_b3,gradcam,blur,mid,clahe,-0.12912126961184475,0.09458389853437742
495255c7492f,efficientnet_b3,gradcam,blur,mid,genai,-0.2900249838944574,0.13625803875426454
495255c7492f,efficientnet_b3,gradcam,blur,high,raw,-0.15312872149415258,0.2911788103481133
495255c7492f,efficientnet_b3,gradcam,blur,high,clahe,-0.3493150540246723,0.11934289013346035
495255c7492f,efficientnet_b3,gradcam,blur,high,genai,-0.24494201107283536,0.3201040325065454
495255c7492f,efficientnet_b3,gradcam,exposure,low,raw,-0.14001108865415224,0.3902706394592921
495255c7492f,efficientnet_b3,gradcam,exposure,low,clahe,-0.3370828662053838,0.12880939034124217
495255c7492f,efficientnet_b3,gradcam,exposure,low,genai,-0.2285406204063308,0.16601485088467596
495255c7492f,efficientnet_b3,gradcam,exposure,mid,raw,0.5028956801769358,0.3867841651042302
495255c7492f,efficientnet_b3,gradcam,exposure,mid,clahe,-0.21164058685145185,0.053880566979448
495255c7492f,efficientnet_b3,gradcam,exposure,mid,genai,-0.5354512553249392,0.09700974486768246
495255c7492f,efficientnet_b3,gradcam,exposure,high,raw,0.0020391587016494327,0.1749993917842706
495255c7492f,efficientnet_b3,gradcam,exposure,high,clahe,-0.3567138441282945,0.04912131490806738
495255c7492f,efficientnet_b3,gradcam,exposure,high,genai,0.09050705443777345,0.20156094941000144
495255c7492f,efficientnet_b3,gradcam,noise,low,raw,0.07837228556248131,0.18462129831314086
495255c7492f,efficientnet_b3,gradcam,noise,low,clahe,-0.2841916852371082,0.07099020338306823
495255c7492f,efficientnet_b3,gradcam,noise,low,genai,-0.0806480976044295,0.25154767495890457
495255c7492f,efficientnet_b3,gradcam,noise,mid,raw,-0.21293596336326578,0.0908875496437152
495255c7492f,efficientnet_b3,gradcam,noise,mid,clahe,0.1136746305996022,0.08617140079538028
495255c7492f,efficientnet_b3,gradcam,noise,mid,genai,0.018176933080806795,0.17961517833173277
495255c7492f,efficientnet_b3,gradcam,noise,high,raw,0.11824810972183605,0.14260054727395377
495255c7492f,efficientnet_b3,gradcam,noise,high,clahe,0.14447549533579193,0.08862371519207954
495255c7492f,efficientnet_b3,gradcam,noise,high,genai,-0.2903544842322953,0.1580738878498475
2cbfc6182ba2,efficientnet_b3,gradcam,blur,low,raw,-0.03247016341522957,0.12291352351506551
2cbfc6182ba2,efficientnet_b3,gradcam,blur,low,clahe,-0.20429771209127268,0.0845961757004261
2cbfc6182ba2,efficientnet_b3,gradcam,blur,low,genai,-0.31147458407636086,0.318504073470831
2cbfc6182ba2,efficientnet_b3,gradcam,blur,mid,raw,-0.2007500811304356,0.1833247244358063
2cbfc6182ba2,efficientnet_b3,gradcam,blur,mid,clahe,-0.2917970601131826,0.1389668150494496
2cbfc6182ba2,efficientnet_b3,gradcam,blur,mid,genai,-0.25394611047537896,0.12172204827268918
2cbfc6182ba2,efficientnet_b3,gradcam,blur,high,raw,-0.0627946587310641,0.08951658581693968
2cbfc6182ba2,efficientnet_b3,gradcam,blur,high,clahe,0.022450960987078158,0.10738843642175197
2cbfc6182ba2,efficientnet_b3,gradcam,blur,high,genai,-0.21831787644423922,0.11039825131495792
2cbfc6182ba2,efficientnet_b3,gradcam,exposure,low,raw,0.0651822161983437,0.2469562837233146
2cbfc6182ba2,efficientnet_b3,gradcam,exposure,low,clahe,0.13247899515229264,0.11075193608800568
2cbfc6182ba2,efficientnet_b3,gradcam,exposure,low,genai,0.1345829249356991,0.2682022058715423
2cbfc6182ba2,efficientnet_b3,gradcam,exposure,mid,raw,0.4398477490355254,0.2880533628165722
2cbfc6182ba2,efficientnet_b3,gradcam,exposure,mid,clahe,0.2732661365566908,0.12894961622854073
2cbfc6182ba2,efficientnet_b3,gradcam,exposure,mid,genai,0.21967256186464995,0.27543342858552927
2cbfc6182ba2,efficientnet_b3,gradcam,exposure,high,raw,0.4752682511596203,0.21852568065126737
2cbfc6182ba2,efficientnet_b3,gradcam,exposure,high,clahe,-0.016555629762403976,0.1030043639242649
2cbfc6182ba2,efficientnet_b3,gradcam,exposure,high,genai,0.03365513738026369,0.12085526871184508
2cbfc6182ba2,efficientnet_b3,gradcam,noise,low,raw,0.3784801733431505,0.38630323472122347
2cbfc6182ba2,efficientnet_b3,gradcam,noise,low,clahe,0.2815094872846545,0.11975650638341905
2cbfc6182ba2,efficientnet_b3,gradcam,noise,low,genai,-0.11577826038324661,0.3436837361504633
2cbfc6182ba2,efficientnet_b3,gradcam,noise,mid,raw,0.516152170393367,0.3808195682863394
2cbfc6182ba2,efficientnet_b3,gradcam,noise,mid,clahe,0.3359461191934685,0.18471156197289623
2cbfc6182ba2,efficientnet_b3,gradcam,noise,mid,genai,0.20809256878734436,0.39712553458909194
2cbfc6182ba2,efficientnet_b3,gradcam,noise,high,raw,0.1383783341318567,0.15473337161044282
2cbfc6182ba2,efficientnet_b3,gradcam,noise,high,clahe,0.17322348583205158,0.1774807078142961
2cbfc6182ba2,efficientnet_b3,gradcam,noise,high,genai,0.08254641825686555,0.21293868422508241
d774692d9919,efficientnet_b3,gradcam,blur,low,raw,0.6321049737114646,0.8513645152250927
d774692d9919,efficientnet_b3,gradcam,blur,low,clahe,0.47864114534621677,0.7541015515724817
d774692d9919,efficientnet_b3,gradcam,blur,low,genai,0.5174199604780931,0.8619682977596919
d774692d9919,efficientnet_b3,gradcam,blur,mid,raw,0.31541757708027685,0.7306487619876861
d774692d9919,efficientnet_b3,gradcam,blur,mid,clahe,0.25940033480253133,0.7184873223304749
d774692d9919,efficientnet_b3,gradcam,blur,mid,genai,0.46855423456267214,0.767565373579661
d774692d9919,efficientnet_b3,gradcam,blur,high,raw,-0.06168652449488257,0.7130408436059952
d774692d9919,efficientnet_b3,gradcam,blur,high,clahe,-0.2388277253270807,0.6621227333943049
d774692d9919,efficientnet_b3,gradcam,blur,high,genai,-0.2456581309207062,0.774624502658844
d774692d9919,efficientnet_b3,gradcam,exposure,low,raw,0.669970558684014,0.8990383962790172
d774692d9919,efficientnet_b3,gradcam,exposure,low,clahe,0.6643089877334961,0.8749067614475887
d774692d9919,efficientnet_b3,gradcam,exposure,low,genai,0.7171715430791297,0.8646122088034948
d774692d9919,efficientnet_b3,gradcam,exposure,mid,raw,0.748017706564816,0.8634720782438914
d774692d9919,efficientnet_b3,gradcam,exposure,mid,clahe,0.6209440263991153,0.8753074288368223
d774692d9919,efficientnet_b3,gradcam,exposure,mid,genai,0.45920102710760996,0.814264084895452
d774692d9919,efficientnet_b3,gradcam,exposure,high,raw,0.587790802489472,0.7742181201775868
d774692d9919,efficientnet_b3,gradcam,exposure,high,clahe,0.5244513694680478,0.8403349220752714
d774692d9919,efficientnet_b3,gradcam,exposure,high,genai,0.5359237195475455,0.7056117365757626
d774692d9919,efficientnet_b3,gradcam,noise,low,raw,0.6476565409789324,0.8882313072681427
d774692d9919,efficientnet_b3,gradcam,noise,low,clahe,0.6875865014777095,0.8420653074979784
d774692d9919,efficientnet_b3,gradcam,noise,low,genai,0.37134482766734234,0.8908643742402395
d774692d9919,efficientnet_b3,gradcam,noise,mid,raw,0.6011841864013979,0.721050228178501
d774692d9919,efficientnet_b3,gradcam,noise,mid,clahe,0.5372491785061055,0.6091064860423406
d774692d9919,efficientnet_b3,gradcam,noise,mid,genai,0.6624071666639428,0.8737924804290136
d774692d9919,efficientnet_b3,gradcam,noise,high,raw,0.6744613756359533,0.6290840089321137
d774692d9919,efficientnet_b3,gradcam,noise,high,clahe,0.6018831886918398,0.5844571615258853
d774692d9919,efficientnet_b3,gradcam,noise,high,genai,0.48658439534917886,0.8613438864549001
cff262ed8f4c,efficientnet_b3,gradcam,blur,low,raw,0.7855553045269612,0.6567158917586007
cff262ed8f4c,efficientnet_b3,gradcam,blur,low,clahe,0.5514143366659473,0.5826754222313564
cff262ed8f4c,efficientnet_b3,gradcam,blur,low,genai,0.6227026194019907,0.8194844846924146
cff262ed8f4c,efficientnet_b3,gradcam,blur,mid,raw,0.2869646100060976,0.29638206586241733
cff262ed8f4c,efficientnet_b3,gradcam,blur,mid,clahe,0.26544077689956924,0.23902820174892744
cff262ed8f4c,efficientnet_b3,gradcam,blur,mid,genai,0.2300000272095536,0.692634665966034
cff262ed8f4c,efficientnet_b3,gradcam,blur,high,raw,-0.0361298398402172,0.3482698726157347
cff262ed8f4c,efficientnet_b3,gradcam,blur,high,clahe,-0.2907750523255374,0.36830675080418585
cff262ed8f4c,efficientnet_b3,gradcam,blur,high,genai,-0.08425863269540539,0.4853576106329759
cff262ed8f4c,efficientnet_b3,gradcam,exposure,low,raw,0.5867936507828302,0.8417784482240676
cff262ed8f4c,efficientnet_b3,gradcam,exposure,low,clahe,0.63007600736291,0.8172686199347178
cff262ed8f4c,efficientnet_b3,gradcam,exposure,low,genai,0.6082726259485015,0.8291977008183798
cff262ed8f4c,efficientnet_b3,gradcam,exposure,mid,raw,0.8330204962971837,0.8245400518178939
cff262ed8f4c,efficientnet_b3,gradcam,exposure,mid,clahe,0.7037164310626343,0.8478736490011216
cff262ed8f4c,efficientnet_b3,gradcam,exposure,mid,genai,0.6914642459382374,0.7604208762447038
cff262ed8f4c,efficientnet_b3,gradcam,exposure,high,raw,0.7482076378776835,0.7670767612755299
cff262ed8f4c,efficientnet_b3,gradcam,exposure,high,clahe,0.7200259333672727,0.8000324000914891
cff262ed8f4c,efficientnet_b3,gradcam,exposure,high,genai,0.6547610700401798,0.5869406928618749
cff262ed8f4c,efficientnet_b3,gradcam,noise,low,raw,0.8136082006894357,0.8612462580204009
cff262ed8f4c,efficientnet_b3,gradcam,noise,low,clahe,0.6830789813597392,0.791082815329234
cff262ed8f4c,efficientnet_b3,gradcam,noise,low,genai,0.4974685236740301,0.866927592953046
cff262ed8f4c,efficientnet_b3,gradcam,noise,mid,raw,0.8132748662671486,0.7177264392375945
cff262ed8f4c,efficientnet_b3,gradcam,noise,mid,clahe,0.7109380672227482,0.6725184053182601
cff262ed8f4c,efficientnet_b3,gradcam,noise,mid,genai,0.4367475005063875,0.8105315332611402
cff262ed8f4c,efficientnet_b3,gradcam,noise,high,raw,0.8256798606574453,0.4605665475130081
cff262ed8f4c,efficientnet_b3,gradcam,noise,high,clahe,0.6547953547891893,0.5215148205558459
cff262ed8f4c,efficientnet_b3,gradcam,noise,high,genai,0.6114830224846557,0.8253052060802778
4dbce359d0e1,efficientnet_b3,gradcam,blur,low,raw,0.45002958304365676,0.2099205935994784
4dbce359d0e1,efficientnet_b3,gradcam,blur,low,clahe,0.1349126959156333,0.07076044703523318
4dbce359d0e1,efficientnet_b3,gradcam,blur,low,genai,0.4412074035803173,0.210769472271204
4dbce359d0e1,efficientnet_b3,gradcam,blur,mid,raw,0.5140647992595945,0.1704144798219204
4dbce359d0e1,efficientnet_b3,gradcam,blur,mid,clahe,0.07955715937142123,0.10563964794079464
4dbce359d0e1,efficientnet_b3,gradcam,blur,mid,genai,0.62518907348637,0.1439382971574863
4dbce359d0e1,efficientnet_b3,gradcam,blur,high,raw,0.0,0.06885071794191996
4dbce359d0e1,efficientnet_b3,gradcam,blur,high,clahe,0.15801927781104588,0.10106636546552183
4dbce359d0e1,efficientnet_b3,gradcam,blur,high,genai,-0.23444913569458725,0.052567255310714246
4dbce359d0e1,efficientnet_b3,gradcam,exposure,low,raw,0.6883166802536387,0.42793520689010617
4dbce359d0e1,efficientnet_b3,gradcam,exposure,low,clahe,0.7507092390213242,0.12743181611100832
4dbce359d0e1,efficientnet_b3,gradcam,exposure,low,genai,0.8017449809048528,0.40786973436673485
4dbce359d0e1,efficientnet_b3,gradcam,exposure,mid,raw,0.8471978687425683,0.3503522902727127
4dbce359d0e1,efficientnet_b3,gradcam,exposure,mid,clahe,0.8800236711412498,0.20588392540812495
4dbce359d0e1,efficientnet_b3,gradcam,exposure,mid,genai,0.8066605661155207,0.1930922175447146
4dbce359d0e1,efficientnet_b3,gradcam,exposure,high,raw,0.7710727231596909,0.20535607164104777
4dbce359d0e1,efficientnet_b3,gradcam,exposure,high,clahe,0.5854105761986753,0.1348143998533487
4dbce359d0e1,efficientnet_b3,gradcam,exposure,high,genai,0.7476363463650978,0.12858212143182754
4dbce359d0e1,efficientnet_b3,gradcam,noise,low,raw,0.7455147990040414,0.401552410920461
4dbce359d0e1,efficientnet_b3,gradcam,noise,low,clahe,0.830714164226707,0.1524814707537492
4dbce359d0e1,efficientnet_b3,gradcam,noise,low,genai,0.7481071157650141,0.3225222562750181
4dbce359d0e1,efficientnet_b3,gradcam,noise,mid,raw,0.8107787511555786,0.2403156691541274
4dbce359d0e1,efficientnet_b3,gradcam,noise,mid,clahe,0.4641824629038545,0.195208004117012
4dbce359d0e1,efficientnet_b3,gradcam,noise,mid,genai,0.6938164909411751,0.32501978799700737
4dbce359d0e1,efficientnet_b3,gradcam,noise,high,raw,0.4052494526958674,0.15580334762732184
4dbce359d0e1,efficientnet_b3,gradcam,noise,high,clahe,0.1757663512987126,0.1384991959979137
4dbce359d0e1,efficientnet_b3,gradcam,noise,high,genai,0.30328767446864785,0.22161097104350724
bd06028eb7dd,efficientnet_b3,gradcam,blur,low,raw,0.0817896184011124,0.8575943380594254
bd06028eb7dd,efficientnet_b3,gradcam,blur,low,clahe,0.13336509256249807,0.8326261788606641
bd06028eb7dd,efficientnet_b3,gradcam,blur,low,genai,0.028103837941948616,0.8639011184374491
bd06028eb7dd,efficientnet_b3,gradcam,blur,mid,raw,-0.06752496277670701,0.7122475306193033
bd06028eb7dd,efficientnet_b3,gradcam,blur,mid,clahe,0.12902337669427122,0.6847620159387589
bd06028eb7dd,efficientnet_b3,gradcam,blur,mid,genai,0.08101780439814457,0.7314387391010921
bd06028eb7dd,efficientnet_b3,gradcam,blur,high,raw,0.025288240238690533,0.6309254278739291
bd06028eb7dd,efficientnet_b3,gradcam,blur,high,clahe,-0.1062576523492516,0.574528997639815
bd06028eb7dd,efficientnet_b3,gradcam,blur,high,genai,-0.0820645402471753,0.6918844789266586
bd06028eb7dd,efficientnet_b3,gradcam,exposure,low,raw,0.49784389885494,0.8808368106683095
bd06028eb7dd,efficientnet_b3,gradcam,exposure,low,clahe,0.367418519258116,0.8868582397699356
bd06028eb7dd,efficientnet_b3,gradcam,exposure,low,genai,0.21220230671689755,0.8530838509400686
bd06028eb7dd,efficientnet_b3,gradcam,exposure,mid,raw,0.1127855109649229,0.8620167911052704
bd06028eb7dd,efficientnet_b3,gradcam,exposure,mid,clahe,-0.0009090906462168505,0.8962605595588683
bd06028eb7dd,efficientnet_b3,gradcam,exposure,mid,genai,0.22486829678660097,0.7791479726632436
bd06028eb7dd,efficientnet_b3,gradcam,exposure,high,raw,0.3322441866724908,0.7357112561662991
bd06028eb7dd,efficientnet_b3,gradcam,exposure,high,clahe,0.07345627875094562,0.853640188773473
bd06028eb7dd,efficientnet_b3,gradcam,exposure,high,genai,0.4270765548329117,0.717281499505043
bd06028eb7dd,efficientnet_b3,gradcam,noise,low,raw,0.5816520825817729,0.8620761036872864
bd06028eb7dd,efficientnet_b3,gradcam,noise,low,clahe,0.28639611237507145,0.8677676856517791
bd06028eb7dd,efficientnet_b3,gradcam,noise,low,genai,0.009357671932873618,0.8533030052979786
bd06028eb7dd,efficientnet_b3,gradcam,noise,mid,raw,0.6397601968827078,0.7703189065059026
bd06028eb7dd,efficientnet_b3,gradcam,noise,mid,clahe,0.7103687285060665,0.6299438893795012
bd06028eb7dd,efficientnet_b3,gradcam,noise,mid,genai,0.020765796725740363,0.8254724870125452
bd06028eb7dd,efficientnet_b3,gradcam,noise,high,raw,0.7189790043748149,0.6507052292426426
bd06028eb7dd,efficientnet_b3,gradcam,noise,high,clahe,0.5343557224727534,0.5603428930044174
bd06028eb7dd,efficientnet_b3,gradcam,noise,high,genai,0.2955183299405844,0.82252339720726
93802d1e3c41,efficientnet_b3,gradcam,blur,low,raw,0.22903258912310917,0.865030837059021
93802d1e3c41,efficientnet_b3,gradcam,blur,low,clahe,0.3002169980437902,0.8489758749802908
93802d1e3c41,efficientnet_b3,gradcam,blur,low,genai,0.3115114851463136,0.8534126917521159
93802d1e3c41,efficientnet_b3,gradcam,blur,mid,raw,0.41423419204201023,0.645889421304067
93802d1e3c41,efficientnet_b3,gradcam,blur,mid,clahe,-0.1681841938990418,0.7445763399203618
93802d1e3c41,efficientnet_b3,gradcam,blur,mid,genai,0.08358207310790233,0.7879615992307661
93802d1e3c41,efficientnet_b3,gradcam,blur,high,raw,-0.05090710235874522,0.6183205962181091
93802d1e3c41,efficientnet_b3,gradcam,blur,high,clahe,-0.022689453026382617,0.6072590445478758
93802d1e3c41,efficientnet_b3,gradcam,blur,high,genai,0.21576914967277508,0.7223117331663766
93802d1e3c41,efficientnet_b3,gradcam,exposure,low,raw,0.49130388705696154,0.8724432488282523
93802d1e3c41,efficientnet_b3,gradcam,exposure,low,clahe,0.5289628669742493,0.884821100036303
93802d1e3c41,efficientnet_b3,gradcam,exposure,low,genai,0.5055752735362461,0.8514257291952768
93802d1e3c41,efficientnet_b3,gradcam,exposure,mid,raw,0.8825407970420567,0.7928347746531168
93802d1e3c41,efficientnet_b3,gradcam,exposure,mid,clahe,0.635127772638861,0.8450520296891529
93802d1e3c41,efficientnet_b3,gradcam,exposure,mid,genai,0.6010083112581003,0.7140618016322455
93802d1e3c41,efficientnet_b3,gradcam,exposure,high,raw,0.7692718491580796,0.6401988700032235
93802d1e3c41,efficientnet_b3,gradcam,exposure,high,clahe,0.18076305114665514,0.8109543333450953
93802d1e3c41,efficientnet_b3,gradcam,exposure,high,genai,0.44711573572294305,0.7261541624863943
93802d1e3c41,efficientnet_b3,gradcam,noise,low,raw,0.5424393211761595,0.8522293349107107
93802d1e3c41,efficientnet_b3,gradcam,noise,low,clahe,0.489855473748466,0.861824333667755
93802d1e3c41,efficientnet_b3,gradcam,noise,low,genai,0.4354692134956667,0.8566232770681381
93802d1e3c41,efficientnet_b3,gradcam,noise,mid,raw,0.6920004594685698,0.7602476904789607
93802d1e3c41,efficientnet_b3,gradcam,noise,mid,clahe,0.7389807930935924,0.6612552096446356
93802d1e3c41,efficientnet_b3,gradcam,noise,mid,genai,0.7166539677549392,0.8121891548236211
93802d1e3c41,efficientnet_b3,gradcam,noise,high,raw,0.7699262138917139,0.6149691651264826
93802d1e3c41,efficientnet_b3,gradcam,noise,high,clahe,0.6382820859973255,0.6306006535887717
93802d1e3c41,efficientnet_b3,gradcam,noise,high,genai,0.6912206423190494,0.8147002746661507
8ac0c44bbf24,efficientnet_b3,gradcam,blur,low,raw,-0.037826336828910206,0.5019914627075194
8ac0c44bbf24,efficientnet_b3,gradcam,blur,low,clahe,0.036898174643568114,0.5291195581356684
8ac0c44bbf24,efficientnet_b3,gradcam,blur,low,genai,-0.05527582492544672,0.6862183903654417
8ac0c44bbf24,efficientnet_b3,gradcam,blur,mid,raw,0.42708479963584567,0.577982883155346
8ac0c44bbf24,efficientnet_b3,gradcam,blur,mid,clahe,0.07560912369685578,0.45799188613891595
8ac0c44bbf24,efficientnet_b3,gradcam,blur,mid,genai,-0.15881494631821397,0.5723200038075447
8ac0c44bbf24,efficientnet_b3,gradcam,blur,high,raw,-0.32520521560569027,0.5360986510912578
8ac0c44bbf24,efficientnet_b3,gradcam,blur,high,clahe,-0.041193946621083645,0.6061857899030049
8ac0c44bbf24,efficientnet_b3,gradcam,blur,high,genai,-0.06581400495917311,0.4370733117063841
8ac0c44bbf24,efficientnet_b3,gradcam,exposure,low,raw,0.03894344684858503,0.8127258251110713
8ac0c44bbf24,efficientnet_b3,gradcam,exposure,low,clahe,0.3894713843766184,0.38866802702347436
8ac0c44bbf24,efficientnet_b3,gradcam,exposure,low,genai,0.03261787466641503,0.7135799656311671
8ac0c44bbf24,efficientnet_b3,gradcam,exposure,mid,raw,0.11934044320081183,0.8290096412102381
8ac0c44bbf24,efficientnet_b3,gradcam,exposure,mid,clahe,0.6396288572250802,0.44600742980837815
8ac0c44bbf24,efficientnet_b3,gradcam,exposure,mid,genai,0.14099205675214188,0.6834845771392187
8ac0c44bbf24,efficientnet_b3,gradcam,exposure,high,raw,0.44208309714248384,0.7902833769718804
8ac0c44bbf24,efficientnet_b3,gradcam,exposure,high,clahe,0.45991807423274306,0.6766884490847586
8ac0c44bbf24,efficientnet_b3,gradcam,exposure,high,genai,0.4620151434844052,0.5589962219198544
8ac0c44bbf24,efficientnet_b3,gradcam,noise,low,raw,0.2245901108028843,0.6969662119944889
8ac0c44bbf24,efficientnet_b3,gradcam,noise,low,clahe,0.19434556595072672,0.3828446517388026
8ac0c44bbf24,efficientnet_b3,gradcam,noise,low,genai,-0.051504334955755064,0.6380288650592169
8ac0c44bbf24,efficientnet_b3,gradcam,noise,mid,raw,0.5543968706669106,0.31533577839533483
8ac0c44bbf24,efficientnet_b3,gradcam,noise,mid,clahe,0.30747720174759513,0.254247560352087
8ac0c44bbf24,efficientnet_b3,gradcam,noise,mid,genai,-0.12333002000340897,0.670812635620435
8ac0c44bbf24,efficientnet_b3,gradcam,noise,high,raw,0.26166992185493965,0.3844705570489169
8ac0c44bbf24,efficientnet_b3,gradcam,noise,high,clahe,0.415031066712439,0.30418828949332233
8ac0c44bbf24,efficientnet_b3,gradcam,noise,high,genai,0.05532521524090395,0.612194033463796
5ba156a35ff2,efficientnet_b3,gradcam,blur,low,raw,0.4648628136847384,0.8634645104408264
5ba156a35ff2,efficientnet_b3,gradcam,blur,low,clahe,0.29035981000714534,0.7911322891712189
5ba156a35ff2,efficientnet_b3,gradcam,blur,low,genai,0.258868124689351,0.8872629384199778
5ba156a35ff2,efficientnet_b3,gradcam,blur,mid,raw,0.5584752852597932,0.7040178477764131
5ba156a35ff2,efficientnet_b3,gradcam,blur,mid,clahe,0.22063824554645364,0.6965561240911484
5ba156a35ff2,efficientnet_b3,gradcam,blur,mid,genai,0.027805101593974386,0.7943672160307567
5ba156a35ff2,efficientnet_b3,gradcam,blur,high,raw,0.030764461477733998,0.6468361804882686
5ba156a35ff2,efficientnet_b3,gradcam,blur,high,clahe,0.19775593855095414,0.6388286550839742
5ba156a35ff2,efficientnet_b3,gradcam,blur,high,genai,0.13340489204306774,0.7061921616395315
5ba156a35ff2,efficientnet_b3,gradcam,exposure,low,raw,0.5366420524400842,0.8998831301927569
5ba156a35ff2,efficientnet_b3,gradcam,exposure,low,clahe,0.4846760550423151,0.8869012435277301
5ba156a35ff2,efficientnet_b3,gradcam,exposure,low,genai,0.33592646069124604,0.8762810011704764
5ba156a35ff2,efficientnet_b3,gradcam,exposure,mid,raw,0.5551652922137179,0.8814807484547298
5ba156a35ff2,efficientnet_b3,gradcam,exposure,mid,clahe,0.46307264450798746,0.8924101024866105
5ba156a35ff2,efficientnet_b3,gradcam,exposure,mid,genai,0.10683353801760809,0.8631073981523514
5ba156a35ff2,efficientnet_b3,gradcam,exposure,high,raw,0.669864339880283,0.8000281473000846
5ba156a35ff2,efficientnet_b3,gradcam,exposure,high,clahe,0.38774544422131607,0.8834433674812318
5ba156a35ff2,efficientnet_b3,gradcam,exposure,high,genai,0.2502223265989948,0.7133024056752524
5ba156a35ff2,efficientnet_b3,gradcam,noise,low,raw,0.4864285636641739,0.893419048190117
5ba156a35ff2,efficientnet_b3,gradcam,noise,low,clahe,0.5016239864162736,0.8580707371234894
5ba156a35ff2,efficientnet_b3,gradcam,noise,low,genai,0.2904129030373573,0.8833166201909385
5ba156a35ff2,efficientnet_b3,gradcam,noise,mid,raw,0.6282679965938978,0.808870017528534
5ba156a35ff2,efficientnet_b3,gradcam,noise,mid,clahe,0.7552425843616056,0.6942433690031369
5ba156a35ff2,efficientnet_b3,gradcam,noise,mid,genai,0.32594482775564726,0.8984793583552042
5ba156a35ff2,efficientnet_b3,gradcam,noise,high,raw,0.46427491599162585,0.5848322873314222
5ba156a35ff2,efficientnet_b3,gradcam,noise,high,clahe,0.5617080588091306,0.6109973962108295
5ba156a35ff2,efficientnet_b3,gradcam,noise,high,genai,0.15224085671433882,0.8341799537340799
5b5b80a3edee,efficientnet_b3,gradcam,blur,low,raw,-0.3140928593019638,0.4140955045819283
5b5b80a3edee,efficientnet_b3,gradcam,blur,low,clahe,-0.12163692457839584,0.3825726270675659
5b5b80a3edee,efficientnet_b3,gradcam,blur,low,genai,-0.17410433733456723,0.29831919297575943
5b5b80a3edee,efficientnet_b3,gradcam,blur,mid,raw,-0.39088305687600877,0.4993252033988635
5b5b80a3edee,efficientnet_b3,gradcam,blur,mid,clahe,0.18271120413357017,0.5788508618871371
5b5b80a3edee,efficientnet_b3,gradcam,blur,mid,genai,-0.466082333133804,0.41524645760655404
5b5b80a3edee,efficientnet_b3,gradcam,blur,high,raw,0.15130467567031733,0.4487379839022955
5b5b80a3edee,efficientnet_b3,gradcam,blur,high,clahe,0.04156913960223136,0.6014088476697604
5b5b80a3edee,efficientnet_b3,gradcam,blur,high,genai,0.20587015225683733,0.4882840394973755
5b5b80a3edee,efficientnet_b3,gradcam,exposure,low,raw,-0.23155798883118928,0.44399354221920173
5b5b80a3edee,efficientnet_b3,gradcam,exposure,low,clahe,0.15115177428309592,0.26086106573541956
5b5b80a3edee,efficientnet_b3,gradcam,exposure,low,genai,-0.08642795604898514,0.4272427367667357
5b5b80a3edee,efficientnet_b3,gradcam,exposure,mid,raw,-0.1861608256942454,0.4303941324353219
5b5b80a3edee,efficientnet_b3,gradcam,exposure,mid,clahe,0.025560634304529792,0.4306131533036629
5b5b80a3edee,efficientnet_b3,gradcam,exposure,mid,genai,-0.46967711142591734,0.5478206604719162
5b5b80a3edee,efficientnet_b3,gradcam,exposure,high,raw,-0.254279323161001,0.4809751165409883
5b5b80a3edee,efficientnet_b3,gradcam,exposure,high,clahe,0.08103764992477637,0.6438174121081829
5b5b80a3edee,efficientnet_b3,gradcam,exposure,high,genai,0.0013550525006558037,0.5549165492256481
5b5b80a3edee,efficientnet_b3,gradcam,noise,low,raw,-0.2087550200718737,0.23914072240392373
5b5b80a3edee,efficientnet_b3,gradcam,noise,low,clahe,-0.17572698202531153,0.19105380376180012
5b5b80a3edee,efficientnet_b3,gradcam,noise,low,genai,-0.2742177971021605,0.48603567878405246
5b5b80a3edee,efficientnet_b3,gradcam,noise,mid,raw,-0.2363482123129021,0.19623321667313579
5b5b80a3edee,efficientnet_b3,gradcam,noise,mid,clahe,-0.22938495662358746,0.2169944693644842
5b5b80a3edee,efficientnet_b3,gradcam,noise,mid,genai,-0.1465069008025449,0.3755592912435532
5b5b80a3edee,efficientnet_b3,gradcam,noise,high,raw,-0.28950465416003385,0.2608300536870956
5b5b80a3edee,efficientnet_b3,gradcam,noise,high,clahe,-0.11504921162306193,0.26270565589269
5b5b80a3edee,efficientnet_b3,gradcam,noise,high,genai,-0.0917888352963034,0.32033753382662933
