id_code,model,method,degradation,level,deletion_auc,insertion_auc,stability,iou
9a326446c431,resnet50,gradcam,clean,none,0.454428897301356,0.8363697449366252,1.0,
9a326446c431,resnet50,gradcam,blur,low,0.4731592886149883,0.6324119816223779,0.8526455053401281,
9a326446c431,resnet50,gradcam,blur,mid,0.5507444413999717,0.8614255408445995,0.8476855609089252,
9a326446c431,resnet50,gradcam,blur,high,0.5258895229548215,0.9208350419998168,0.741942359137931,
9a326446c431,resnet50,gradcam,exposure,low,0.4567766688764096,0.7926504338781039,0.9297059552143567,
9a326446c431,resnet50,gradcam,exposure,mid,0.3021095571418602,0.6886286760369937,0.8949973784747549,
9a326446c431,resnet50,gradcam,exposure,high,0.21394536768396694,0.4863614628712336,0.7993882252168418,
9a326446c431,resnet50,gradcam,noise,low,0.17724425370494523,0.5738933026790619,0.742416577246157,
9a326446c431,resnet50,gradcam,noise,mid,0.23590826330085599,0.4588263891637326,0.44686145738664795,
9a326446c431,resnet50,gradcam,noise,high,0.445694978410999,0.6253582251568635,0.26236364986732724,
a81b06f50612,resnet50,gradcam,clean,none,0.29703027854363123,0.6406078721086184,1.0,
a81b06f50612,resnet50,gradcam,blur,low,0.2438024009267489,0.5575808465480804,0.8477209216870387,
a81b06f50612,resnet50,gradcam,blur,mid,0.1033862301458915,0.28784807746609054,0.42235292387212026,
a81b06f50612,resnet50,gradcam,blur,high,0.12095057393113776,0.1334207615504662,0.3189080763758395,
a81b06f50612,resnet50,gradcam,exposure,low,0.2524596673746904,0.5760159333546957,0.9660662435284144,
a81b06f50612,resnet50,gradcam,exposure,mid,0.24751215825478232,0.36582660277684526,0.8199353476038045,
a81b06f50612,resnet50,gradcam,exposure,high,0.20200542459885282,0.24957017675042145,0.6820279465931818,
a81b06f50612,resnet50,gradcam,noise,low,0.36017800321181614,0.6304080441594123,0.8843930293491951,
a81b06f50612,resnet50,gradcam,noise,mid,0.24347044701377546,0.344981907804807,0.3613716637202643,
a81b06f50612,resnet50,gradcam,noise,high,0.1459165326009194,0.4619764844576517,0.53937417874955,
d7bc00091cfc,resnet50,gradcam,clean,none,0.4996728219091892,0.9740719676017761,1.0,
d7bc00091cfc,resnet50,gradcam,blur,low,0.4702698136369386,0.9493056237697601,0.8943552695460667,
d7bc00091cfc,resnet50,gradcam,blur,mid,0.4186179148654143,0.8767841696739198,0.7941341549648814,
d7bc00091cfc,resnet50,gradcam,blur,high,0.37705683484673497,0.8825434019168219,0.7141744444969192,
d7bc00091cfc,resnet50,gradcam,exposure,low,0.5285777802268664,0.9074650198221206,0.9510297677838394,
d7bc00091cfc,resnet50,gradcam,exposure,mid,0.5115341529250145,0.9485720654328662,0.9118011382326036,
d7bc00091cfc,resnet50,gradcam,exposure,high,0.4560085035860539,0.920544159412384,0.8639751099449752,
d7bc00091cfc,resnet50,gradcam,noise,low,0.5325454456110796,0.9221044580141704,0.9286394455553313,
d7bc00091cfc,resnet50,gradcam,noise,mid,0.4450592838227749,0.8692834943532944,0.8713401196659586,
d7bc00091cfc,resnet50,gradcam,noise,high,0.2641309057672818,0.48827204753955195,0.5115331862506679,
80a02014b418,resnet50,gradcam,clean,none,0.2119287469734748,0.2457109519590934,1.0,
80a02014b418,resnet50,gradcam,blur,low,0.12888727808992068,0.08181490339338779,0.5684203698336913,
80a02014b418,resnet50,gradcam,blur,mid,0.09094701881210007,0.08643004875630139,0.357507915397635,
80a02014b418,resnet50,gradcam,blur,high,0.10340705116589863,0.07772672958672047,0.12369047380216648,
80a02014b418,resnet50,gradcam,exposure,low,0.19372112701336547,0.2103198276211818,0.7778519324093065,
80a02014b418,resnet50,gradcam,exposure,mid,0.1271949291229248,0.1122200919004778,0.5826670250343384,
80a02014b418,resnet50,gradcam,exposure,high,0.09597474485635757,0.08518423332522312,0.6291600407505782,
80a02014b418,resnet50,gradcam,noise,low,0.2079971093684435,0.17150771257778014,0.7440634984660314,
80a02014b418,resnet50,gradcam,noise,mid,0.14667794095973172,0.087584687769413,0.3498948973002656,
80a02014b418,resnet50,gradcam,noise,high,0.139313805103302,0.11666324809193612,0.1475165937911611,
9688c6ef5dc5,resnet50,gradcam,clean,none,0.9672019372383754,0.8571346213420231,1.0,
9688c6ef5dc5,resnet50,gradcam,blur,low,0.9508506139119466,0.8044610599676768,0.8707721614999525,
9688c6ef5dc5,resnet50,gradcam,blur,mid,0.8691442976395288,0.8024496843417485,0.629677078142512,
9688c6ef5dc5,resnet50,gradcam,blur,high,0.8568924417098363,0.6829813996950784,0.5843958437236738,
9688c6ef5dc5,resnet50,gradcam,exposure,low,0.9142721732457477,0.9124377479155857,0.41354306062118773,
9688c6ef5dc5,resnet50,gradcam,exposure,mid,0.5973623116811116,0.8959127595027288,0.9084184650806316,
9688c6ef5dc5,resnet50,gradcam,exposure,high,0.38252076258261997,0.7159833063681921,0.8615569672805182,
9688c6ef5dc5,resnet50,gradcam,noise,low,0.9513697316249211,0.8453106701374054,0.9282112916503538,
9688c6ef5dc5,resnet50,gradcam,noise,mid,0.8690520207087199,0.7582647134860357,0.7696128604716699,
9688c6ef5dc5,resnet50,gradcam,noise,high,0.7355735190212727,0.4882117219269276,0.31874544237497215,
1bb0ddfe753a,resnet50,gradcam,clean,none,0.10966561663274962,0.2669895829011996,1.0,
1bb0ddfe753a,resnet50,gradcam,blur,low,0.07077587724973755,0.19696525366355974,0.5535024986367671,
1bb0ddfe753a,resnet50,gradcam,blur,mid,0.16382251810282467,0.20766890533268448,0.16906896716836603,
1bb0ddfe753a,resnet50,gradcam,blur,high,0.09086050464150808,0.16201559131344156,0.07308183575767853,
1bb0ddfe753a,resnet50,gradcam,exposure,low,0.11515691094100478,0.3522431367387374,0.8613628488866143,
1bb0ddfe753a,resnet50,gradcam,exposure,mid,0.12445436604321003,0.11401950754225251,0.722870202446335,
1bb0ddfe753a,resnet50,gradcam,exposure,high,0.09793875503043332,0.13713447824120523,0.5643341314427095,
1bb0ddfe753a,resnet50,gradcam,noise,low,0.061212069510171815,0.22709851575394474,0.5059491721414727,
1bb0ddfe753a,resnet50,gradcam,noise,mid,0.12694216289867957,0.18200255384047828,0.586980457610827,
1bb0ddfe753a,resnet50,gradcam,noise,high,0.17411045220990973,0.0826553004483382,0.5356919703261701,
6bf26b777e3a,resnet50,gradcam,clean,none,0.5955390090743703,0.7855200052261352,1.0,
6bf26b777e3a,resnet50,gradcam,blur,low,0.39552814587950696,0.7884769221146902,0.7945428391978686,
6bf26b777e3a,resnet50,gradcam,blur,mid,0.48418255920211467,0.690141640106837,0.8013867432926438,
6bf26b777e3a,resnet50,gradcam,blur,high,0.5140174808601539,0.7825479805469512,0.6614820305672806,
6bf26b777e3a,resnet50,gradcam,exposure,low,0.3587366131444772,0.7945158600807191,0.9050521260874825,
6bf26b777e3a,resnet50,gradcam,exposure,mid,0.31016058996319773,0.7552670001983643,0.8285416312065085,
6bf26b777e3a,resnet50,gradcam,exposure,high,0.19396479576826095,0.6457325289646784,0.7540888918167891,
6bf26b777e3a,resnet50,gradcam,noise,low,0.5212482320765655,0.6911695405840872,0.9244462307119449,
6bf26b777e3a,resnet50,gradcam,noise,mid,0.4381957821547985,0.5836702470978101,0.800260636427604,
6bf26b777e3a,resnet50,gradcam,noise,high,0.4813627911110719,0.5997380539774896,0.38461827503143653,
61ac9b0dc6b9,resnet50,gradcam,clean,none,0.23276381492614742,0.5362634561955929,1.0,
61ac9b0dc6b9,resnet50,gradcam,blur,low,0.20530037035544713,0.3527011056741079,0.7314570875040554,
61ac9b0dc6b9,resnet50,gradcam,blur,mid,0.18000928983092307,0.2931766825417677,0.23005744004095866,
61ac9b0dc6b9,resnet50,gradcam,blur,high,0.10227154977619647,0.28716482470432914,0.0774238250202119,
61ac9b0dc6b9,resnet50,gradcam,exposure,low,0.22970805267492928,0.6839661677678427,0.9528281272728241,
61ac9b0dc6b9,resnet50,gradcam,exposure,mid,0.2747704975306988,0.7651518195867538,0.718357790463125,
61ac9b0dc6b9,resnet50,gradcam,exposure,high,0.3047961418827375,0.4116154183944067,0.7424111764143436,
61ac9b0dc6b9,resnet50,gradcam,noise,low,0.14853324145078659,0.31397953207294144,0.3878208907221792,
61ac9b0dc6b9,resnet50,gradcam,noise,mid,0.17655492996176084,0.2664292866985003,0.14235351778675148,
61ac9b0dc6b9,resnet50,gradcam,noise,high,0.16972906639178592,0.19776308213671048,-0.17547430314412577,
b9b99dad668d,resnet50,gradcam,clean,none,0.21132039135263767,0.36824856524666144,1.0,
b9b99dad668d,resnet50,gradcam,blur,low,0.06440316801696705,0.21769856785734498,-0.05118035780130458,
b9b99dad668d,resnet50,gradcam,blur,mid,0.0822532695136033,0.3426376119256019,-0.2322266947169957,
b9b99dad668d,resnet50,gradcam,blur,high,0.10577218040125445,0.28281629160046573,-0.277739334052125,
b9b99dad668d,resnet50,gradcam,exposure,low,0.18774775918573142,0.16619567709470476,0.47024755201988205,
b9b99dad668d,resnet50,gradcam,exposure,mid,0.3678095255047083,0.24277552813291547,0.6274791266729797,
b9b99dad668d,resnet50,gradcam,exposure,high,0.15721983027954894,0.29137174201508365,-0.3098245549153957,
b9b99dad668d,resnet50,gradcam,noise,low,0.09309899476162778,0.30415348137418424,-0.02837381126853541,
b9b99dad668d,resnet50,gradcam,noise,mid,0.07996515107806773,0.13157122321426867,0.09876156474058899,
b9b99dad668d,resnet50,gradcam,noise,high,0.06175347080861683,0.12133040502667429,0.25767200733492623,
a32886cb31ab,resnet50,gradcam,clean,none,0.16290003216514987,0.25305769257247446,1.0,
a32886cb31ab,resnet50,gradcam,blur,low,0.11161546825120847,0.13421453051269056,0.5133531759306522,
a32886cb31ab,resnet50,gradcam,blur,mid,0.134010315934817,0.15403060205280777,0.41518773604519965,
a32886cb31ab,resnet50,gradcam,blur,high,0.16724217770000302,0.13377881286044913,0.35599837715368354,
a32886cb31ab,resnet50,gradcam,exposure,low,0.1785064114878575,0.15460670900259477,0.8450030987836048,
a32886cb31ab,resnet50,gradcam,exposure,mid,0.23968934242924056,0.2044759110858043,0.6304813999098698,
a32886cb31ab,resnet50,gradcam,exposure,high,0.1774845159302155,0.2272823512554169,0.5924389703148051,
a32886cb31ab,resnet50,gradcam,noise,low,0.13711854604383308,0.1713169659177462,0.7778498524561348,
a32886cb31ab,resnet50,gradcam,noise,mid,0.18505649268627164,0.12692674125234288,0.5582199988617728,
a32886cb31ab,resnet50,gradcam,noise,high,0.16927546709775926,0.15379689211646713,0.35734313469472423,
763ad1236efe,resnet50,gradcam,clean,none,0.5170346389214197,0.882462415099144,1.0,
763ad1236efe,resnet50,gradcam,blur,low,0.4418255264560382,0.6969855984052022,0.9229022042760097,
763ad1236efe,resnet50,gradcam,blur,mid,0.48522499998410545,0.6952401489019393,0.7063248751156836,
763ad1236efe,resnet50,gradcam,blur,high,0.4898272305727005,0.7230351229508719,0.750989735847708,
763ad1236efe,resnet50,gradcam,exposure,low,0.8957144002119701,0.8114450325568515,0.9072648880831564,
763ad1236efe,resnet50,gradcam,exposure,mid,0.4832007740934689,0.9207793374856312,0.8802182378129659,
763ad1236efe,resnet50,gradcam,exposure,high,0.4181083543847005,0.8466972718636195,0.8718624939329019,
763ad1236efe,resnet50,gradcam,noise,low,0.46557743897040677,0.8008949776490529,0.7849130129333861,
763ad1236efe,resnet50,gradcam,noise,mid,0.41758993764718366,0.5907113393147786,0.8328363555356754,
763ad1236efe,resnet50,gradcam,noise,high,0.2213982532421748,0.5518401056528089,0.24236478666855313,
bf87aedf2489,resnet50,gradcam,clean,none,0.8113492051760356,0.8640878140926361,1.0,
bf87aedf2489,resnet50,gradcam,blur,low,0.681768673658371,0.6576190640528998,0.8451663391081937,
bf87aedf2489,resnet50,gradcam,blur,mid,0.6767899165550868,0.5588237812121709,0.7026484102040459,
bf87aedf2489,resnet50,gradcam,blur,high,0.6533239985505739,0.4819846376776696,0.7468033697812457,
bf87aedf2489,resnet50,gradcam,exposure,low,0.9669514626264571,0.7753099610408148,0.7368144809453068,
bf87aedf2489,resnet50,gradcam,exposure,mid,0.5537337447206179,0.8444320837656656,0.9028849644269556,
bf87aedf2489,resnet50,gradcam,exposure,high,0.3720310404896736,0.5746158897876739,0.7553583671391956,
bf87aedf2489,resnet50,gradcam,noise,low,0.773544406890869,0.7841309716304142,0.8552851273111527,
bf87aedf2489,resnet50,gradcam,noise,mid,0.7509863684574762,0.7734861284494398,0.6289051901508811,
bf87aedf2489,resnet50,gradcam,noise,high,0.785559982061386,0.5360991582274438,0.6850188712238225,
55092c0071eb,resnet50,gradcam,clean,none,0.0740491021424532,0.3368481197704872,1.0,
55092c0071eb,resnet50,gradcam,blur,low,0.11589941444496313,0.24747209263344608,0.6186567628788904,
55092c0071eb,resnet50,gradcam,blur,mid,0.12880950880547368,0.1642218008637428,0.27934062663266895,
55092c0071eb,resnet50,gradcam,blur,high,0.09316672322650751,0.1384343489383658,0.4988290525885384,
55092c0071eb,resnet50,gradcam,exposure,low,0.09510883390903474,0.393163779998819,0.8313252309982572,
55092c0071eb,resnet50,gradcam,exposure,mid,0.09041243170698483,0.49685837998986243,0.8234576634239457,
55092c0071eb,resnet50,gradcam,exposure,high,0.24984227940440182,0.550072423617045,0.6938310397856614,
55092c0071eb,resnet50,gradcam,noise,low,0.15709338858723643,0.3758912553389867,0.8186064040995191,
55092c0071eb,resnet50,gradcam,noise,mid,0.16784950817624728,0.2168307512998581,-0.009772424041790687,
55092c0071eb,resnet50,gradcam,noise,high,0.14438220498462517,0.18780646584928037,0.02131621771556409,
9ed666e982cd,resnet50,gradcam,clean,none,0.3186720764885347,0.2216099362820387,1.0,
9ed666e982cd,resnet50,gradcam,blur,low,0.13046695130566754,0.18119654717544711,0.33121788016140025,
9ed666e982cd,resnet50,gradcam,blur,mid,0.11898966853817303,0.1577479253212611,0.010887011426232494,
9ed666e982cd,resnet50,gradcam,blur,high,0.12858993286887804,0.13465142635007699,0.04899108902966915,
9ed666e982cd,resnet50,gradcam,exposure,low,0.0375244505243169,0.22514476136614875,0.5340563383355784,
9ed666e982cd,resnet50,gradcam,exposure,mid,0.32252474327882125,0.3683453835546971,0.7320593050794606,
9ed666e982cd,resnet50,gradcam,exposure,high,0.25378880128264425,0.08876134880507985,0.6735061305189053,
9ed666e982cd,resnet50,gradcam,noise,low,0.22891163552800814,0.32279870944718514,0.10252971679062271,
9ed666e982cd,resnet50,gradcam,noise,mid,0.18944612064709268,0.20712583437561988,0.41597079721384783,
9ed666e982cd,resnet50,gradcam,noise,high,0.10475985581676167,0.13384384649495285,-0.11267174888318586,
4158c340fa49,resnet50,gradcam,clean,none,0.684430338193973,0.9542633841435114,1.0,
4158c340fa49,resnet50,gradcam,blur,low,0.5932216182351112,0.8286185602347056,0.7907177514513356,
4158c340fa49,resnet50,gradcam,blur,mid,0.5297383658587932,0.855370690425237,0.7753664896118196,
4158c340fa49,resnet50,gradcam,blur,high,0.5138928722590207,0.9436510274807611,0.767716351820143,
4158c340fa49,resnet50,gradcam,exposure,low,0.6533493498961129,0.8957767734924952,0.9105614649014125,
4158c340fa49,resnet50,gradcam,exposure,mid,0.36601439490914345,0.4226663678884506,0.8081787088551944,
4158c340fa49,resnet50,gradcam,exposure,high,0.2881644800305367,0.49309716572364165,0.7151727854343966,
4158c340fa49,resnet50,gradcam,noise,low,0.6126301916937034,0.8483851015567779,0.932431491076756,
4158c340fa49,resnet50,gradcam,noise,mid,0.48439546922842663,0.5992263664801915,0.7737032060968124,
4158c340fa49,resnet50,gradcam,noise,high,0.44897189419716593,0.46030660768349957,0.4901888981850248,
5264a54e1830,resnet50,gradcam,clean,none,0.5690120602647465,0.8598444690306981,1.0,
5264a54e1830,resnet50,gradcam,blur,low,0.47740174407760305,0.8484996159871422,0.9208179364154496,
5264a54e1830,resnet50,gradcam,blur,mid,0.4877551242709159,0.9448293209075928,0.8607090596312909,
5264a54e1830,resnet50,gradcam,blur,high,0.4110371634364127,0.8497365564107895,0.798878327525805,
5264a54e1830,resnet50,gradcam,exposure,low,0.4841112191478412,0.7372542510430019,0.8202578916452766,
5264a54e1830,resnet50,gradcam,exposure,mid,0.3886234042545159,0.7097035308678945,0.8303680840733858,
5264a54e1830,resnet50,gradcam,exposure,high,0.3828238695859909,0.4699646875262261,0.7485982790873887,
5264a54e1830,resnet50,gradcam,noise,low,0.3431539903084437,0.8283112396796545,0.7433879729749787,
5264a54e1830,resnet50,gradcam,noise,mid,0.34179612447818114,0.6901455819606781,0.7140400627935329,
5264a54e1830,resnet50,gradcam,noise,high,0.43257924045125645,0.370151985436678,0.04085327878044366,
8d9516ea3587,resnet50,gradcam,clean,none,0.7511684755484263,0.9233451684316001,1.0,
8d9516ea3587,resnet50,gradcam,blur,low,0.7330686509609221,0.7912644406159719,0.789147292694679,
8d9516ea3587,resnet50,gradcam,blur,mid,0.6173706730206808,0.7910154680411021,0.6119973507829185,
8d9516ea3587,resnet50,gradcam,blur,high,0.6686189631621042,0.8324508329232534,0.5574201365028233,
8d9516ea3587,resnet50,gradcam,exposure,low,0.8782500515381494,0.9554662446180978,0.752884313853338,
8d9516ea3587,resnet50,gradcam,exposure,mid,0.563345311085383,0.9335725337266921,0.9043970132835345,
8d9516ea3587,resnet50,gradcam,exposure,high,0.36418946186701456,0.8402392834424973,0.874741732698387,
8d9516ea3587,resnet50,gradcam,noise,low,0.7249800066153208,0.8277172555526098,0.9055766895041342,
8d9516ea3587,resnet50,gradcam,noise,mid,0.73344429731369,0.7175901889801024,0.7471030061906833,
8d9516ea3587,resnet50,gradcam,noise,high,0.33196922987699506,0.6970580483476321,0.4308497646012934,
83038ca49b6d,resnet50,gradcam,clean,none,0.48551023801167803,0.9114070693651836,1.0,
83038ca49b6d,resnet50,gradcam,blur,low,0.45568718959887816,0.6868732392787935,0.9239816756702969,
83038ca49b6d,resnet50,gradcam,blur,mid,0.40430826296408967,0.6244537174701691,0.7514198286576681,
83038ca49b6d,resnet50,gradcam,blur,high,0.3980918437242508,0.7177264114220937,0.6865755230900269,
83038ca49b6d,resnet50,gradcam,exposure,low,0.7381077428658802,0.8235977282126743,0.9427568232862465,
83038ca49b6d,resnet50,gradcam,exposure,mid,0.538796915113926,0.8862133115530014,0.9418803085083198,
83038ca49b6d,resnet50,gradcam,exposure,high,0.4054572381079197,0.6159223074714342,0.876592648864884,
83038ca49b6d,resnet50,gradcam,noise,low,0.40808767850200334,0.8477302461862564,0.9022841526291401,
83038ca49b6d,resnet50,gradcam,noise,mid,0.355998038003842,0.7352991481622059,0.901796758369784,
83038ca49b6d,resnet50,gradcam,noise,high,0.5636352131764094,0.508018005390962,0.48393859352569746,
1e143fa3de57,resnet50,gradcam,clean,none,0.054149144072852054,0.7562519058585165,1.0,
1e143fa3de57,resnet50,gradcam,blur,low,0.04125555053999511,0.2945459940781196,0.8175326956311862,
1e143fa3de57,resnet50,gradcam,blur,mid,0.04051956237263432,0.21159569223721822,0.30771670815013064,
1e143fa3de57,resnet50,gradcam,blur,high,0.03854003612454288,0.2063064525524775,0.2798141056857371,
1e143fa3de57,resnet50,gradcam,exposure,low,0.29039941529432933,0.26010690587378726,0.27706710302600207,
1e143fa3de57,resnet50,gradcam,exposure,mid,0.30947716732819874,0.8939699716866016,0.7577587590003223,
1e143fa3de57,resnet50,gradcam,exposure,high,0.33137736966212583,0.6947202722231547,0.6412476344189039,
1e143fa3de57,resnet50,gradcam,noise,low,0.06205352528716995,0.5768477069834869,0.8437311020319,
1e143fa3de57,resnet50,gradcam,noise,mid,0.04759254784263506,0.23186972265442213,0.4588701836768693,
1e143fa3de57,resnet50,gradcam,noise,high,0.0608890283293441,0.2280825371543566,-0.15616712227782675,
8329e80c10ac,resnet50,gradcam,clean,none,0.47352126687765117,0.8998747865358988,1.0,
8329e80c10ac,resnet50,gradcam,blur,low,0.46854770903786025,0.8154275923967362,0.8909229812716927,
8329e80c10ac,resnet50,gradcam,blur,mid,0.4137890468041102,0.7552370190620423,0.7498241994598421,
8329e80c10ac,resnet50,gradcam,blur,high,0.44423456514875087,0.831298553943634,0.6473558954933013,
8329e80c10ac,resnet50,gradcam,exposure,low,0.8022026618321737,0.9407291104396185,0.9633892138598162,
8329e80c10ac,resnet50,gradcam,exposure,mid,0.5317901710669201,0.9663621624310811,0.9539019614899412,
8329e80c10ac,resnet50,gradcam,exposure,high,0.335413250947992,0.6674922247727711,0.8846784359593027,
8329e80c10ac,resnet50,gradcam,noise,low,0.40944090137879047,0.7396962443987529,0.9027505916084608,
8329e80c10ac,resnet50,gradcam,noise,mid,0.31252800847093254,0.6066112488508225,0.8153883715433039,
8329e80c10ac,resnet50,gradcam,noise,high,0.27704134693679705,0.252912292132775,0.5580429327319069,
9a326446c431,efficientnet_b3,gradcam,clean,none,0.7028525163729984,0.7759625107049943,1.0,
9a326446c431,efficientnet_b3,gradcam,blur,low,0.49408972064654033,0.32696990768114725,0.7969573736491927,
9a326446c431,efficientnet_b3,gradcam,blur,mid,0.6132520606120426,0.29850633318225545,0.8097426260843545,
9a326446c431,efficientnet_b3,gradcam,blur,high,0.472124615808328,0.47196578433116265,0.5239873201488101,
9a326446c431,efficientnet_b3,gradcam,exposure,low,0.7415630117058754,0.7626042614380517,0.9127430248160656,
9a326446c431,efficientnet_b3,gradcam,exposure,mid,0.6797537614901861,0.6828194836775463,0.7491580403258458,
9a326446c431,efficientnet_b3,gradcam,exposure,high,0.7860619366168975,0.5437344213326771,0.5415015898057742,
9a326446c431,efficientnet_b3,gradcam,noise,low,0.6534840176502864,0.38664540549119314,0.827566988571272,
9a326446c431,efficientnet_b3,gradcam,noise,mid,0.10347548524538676,0.059281160833779725,0.0,
9a326446c431,efficientnet_b3,gradcam,noise,high,0.038388290752967194,0.032688109079996745,-0.15904785846749087,
a81b06f50612,efficientnet_b3,gradcam,clean,none,0.25618950262044865,0.8042289242148399,1.0,
a81b06f50612,efficientnet_b3,gradcam,blur,low,0.35922779475028316,0.8296041250228882,0.9160569058485962,
a81b06f50612,efficientnet_b3,gradcam,blur,mid,0.07232490926980974,0.6709653303027154,0.6893574486080817,
a81b06f50612,efficientnet_b3,gradcam,blur,high,0.27416387572884554,0.5384325511753559,0.003960771987139869,
a81b06f50612,efficientnet_b3,gradcam,exposure,low,0.3027143743510048,0.8003655515611172,0.9574231739874535,
a81b06f50612,efficientnet_b3,gradcam,exposure,mid,0.24509939074826737,0.7394056061903636,0.9248404885425354,
a81b06f50612,efficientnet_b3,gradcam,exposure,high,0.18779603941366071,0.5082382077972094,0.9051051345679609,
a81b06f50612,efficientnet_b3,gradcam,noise,low,0.31769363298080855,0.6892701822022597,0.9025901811881807,
a81b06f50612,efficientnet_b3,gradcam,noise,mid,0.20211446467031677,0.30093557238578794,-0.3994493763504658,
a81b06f50612,efficientnet_b3,gradcam,noise,high,0.28815954100961483,0.242492800578475,0.3035299005993692,
d7bc00091cfc,efficientnet_b3,gradcam,clean,none,0.7227618555227915,0.8808491269747416,1.0,
d7bc00091cfc,efficientnet_b3,gradcam,blur,low,0.8238764762878417,0.6749931375185648,0.6725549033861203,
d7bc00091cfc,efficientnet_b3,gradcam,blur,mid,0.6558530926704408,0.7016073872645697,0.5424311958940927,
d7bc00091cfc,efficientnet_b3,gradcam,blur,high,0.4123486305276553,0.5620990162094434,0.4451592589507159,
d7bc00091cfc,efficientnet_b3,gradcam,exposure,low,0.808915509780248,0.8394072949886322,0.9532551389957243,
d7bc00091cfc,efficientnet_b3,gradcam,exposure,mid,0.888530034820239,0.8593582327167193,0.8290447882205256,
d7bc00091cfc,efficientnet_b3,gradcam,exposure,high,0.8324631700913112,0.783555154999097,0.6363945090925022,
d7bc00091cfc,efficientnet_b3,gradcam,noise,low,0.8337149550517401,0.8676831444104514,0.6066320790029672,
d7bc00091cfc,efficientnet_b3,gradcam,noise,mid,0.08795950710773467,0.2979977359374364,-0.5469944349782861,
d7bc00091cfc,efficientnet_b3,gradcam,noise,high,0.0671598235766093,0.12329736140867073,-0.38988303858415807,
80a02014b418,efficientnet_b3,gradcam,clean,none,0.19283152126396697,0.3358073161294063,1.0,
80a02014b418,efficientnet_b3,gradcam,blur,low,0.20896613256384924,0.11135486892114083,0.03011698265354402,
80a02014b418,efficientnet_b3,gradcam,blur,mid,0.10664109118903677,0.07938628603393834,0.16970587406346255,
80a02014b418,efficientnet_b3,gradcam,blur,high,0.07486673928797245,0.09186263407270114,0.11323206678473546,
80a02014b418,efficientnet_b3,gradcam,exposure,low,0.12634351712961991,0.23848704779520633,0.8486936473664788,
80a02014b418,efficientnet_b3,gradcam,exposure,mid,0.05500733461230994,0.1602417724207044,0.07322216028489671,
80a02014b418,efficientnet_b3,gradcam,exposure,high,0.06584610808640719,0.18788649899264181,-0.06517290526229373,
80a02014b418,efficientnet_b3,gradcam,noise,low,0.24404206884404028,0.25080667138099666,0.33662061291945633,
80a02014b418,efficientnet_b3,gradcam,noise,mid,0.30536536636451883,0.2225273084787962,0.23902006644570098,
80a02014b418,efficientnet_b3,gradcam,noise,high,0.3529192131012678,0.24754396978144844,-0.24480377998265693,
9688c6ef5dc5,efficientnet_b3,gradcam,clean,none,0.6751556128263473,0.86743836303552,1.0,
9688c6ef5dc5,efficientnet_b3,gradcam,blur,low,0.7872123211622238,0.7434671461582184,0.7420895754693336,
9688c6ef5dc5,efficientnet_b3,gradcam,blur,mid,0.547296608487765,0.553241025408109,0.6513004281152829,
9688c6ef5dc5,efficientnet_b3,gradcam,blur,high,0.3466681649287541,0.40585119078556703,0.19833985901440382,
9688c6ef5dc5,efficientnet_b3,gradcam,exposure,low,0.7632262925306955,0.8565596625208853,0.9237204415416111,
9688c6ef5dc5,efficientnet_b3,gradcam,exposure,mid,0.8137577046950658,0.8682161311308542,0.8762249225131615,
9688c6ef5dc5,efficientnet_b3,gradcam,exposure,high,0.798186884323756,0.7415225471059481,0.8645451852199877,
9688c6ef5dc5,efficientnet_b3,gradcam,noise,low,0.7430480728546778,0.7947333931922914,0.8548058362567592,
9688c6ef5dc5,efficientnet_b3,gradcam,noise,mid,0.13147690218659897,0.24535237550735473,-0.4998145736488273,
9688c6ef5dc5,efficientnet_b3,gradcam,noise,high,0.05416766901810964,0.09351417111853758,-0.1938019923833145,
1bb0ddfe753a,efficientnet_b3,gradcam,clean,none,0.10414608689025046,0.289926544080178,1.0,
1bb0ddfe753a,efficientnet_b3,gradcam,blur,low,0.0740139314904809,0.1554469433923562,0.24599720142806236,
1bb0ddfe753a,efficientnet_b3,gradcam,blur,mid,0.10537086396167676,0.12108156401664018,-0.5391745237026311,
1bb0ddfe753a,efficientnet_b3,gradcam,blur,high,0.28587830209483706,0.18142464185754456,-0.6194776119433761,
1bb0ddfe753a,efficientnet_b3,gradcam,exposure,low,0.05051897841816147,0.16471999709804852,0.8072257689435456,
1bb0ddfe753a,efficientnet_b3,gradcam,exposure,mid,0.025194363722888132,0.09078645709281165,0.35564742197931687,
1bb0ddfe753a,efficientnet_b3,gradcam,exposure,high,0.038181974940622844,0.1739223982828359,0.12028854012566417,
1bb0ddfe753a,efficientnet_b3,gradcam,noise,low,0.13960996338476736,0.3294394779950381,-0.025251140237569594,
1bb0ddfe753a,efficientnet_b3,gradcam,noise,mid,0.4383629477893313,0.5416687229958674,-0.2930719802036892,
1bb0ddfe753a,efficientnet_b3,gradcam,noise,high,0.4343675000282625,0.3387439367671808,0.10272678941748055,
6bf26b777e3a,efficientnet_b3,gradcam,clean,none,0.567904641230901,0.6915605023503303,1.0,
6bf26b777e3a,efficientnet_b3,gradcam,blur,low,0.46303760583202047,0.6934281890590985,0.9259775161506238,
6bf26b777e3a,efficientnet_b3,gradcam,blur,mid,0.3410544651250044,0.15332966136435666,0.829012898605971,
6bf26b777e3a,efficientnet_b3,gradcam,blur,high,0.6188780585924784,0.3763477792342504,0.30691874295089466,
6bf26b777e3a,efficientnet_b3,gradcam,exposure,low,0.620068813363711,0.7499173457423844,0.9279864024892287,
6bf26b777e3a,efficientnet_b3,gradcam,exposure,mid,0.7188563212752344,0.5747071166833242,0.887726493717847,
6bf26b777e3a,efficientnet_b3,gradcam,exposure,high,0.6316512852907179,0.5838457067807515,0.5550010780638749,
6bf26b777e3a,efficientnet_b3,gradcam,noise,low,0.5681603620449702,0.6000835910439491,0.868478605158591,
6bf26b777e3a,efficientnet_b3,gradcam,noise,mid,0.08428240780558553,0.09086712642278047,0.01525518626689901,
6bf26b777e3a,efficientnet_b3,gradcam,noise,high,0.11162871221701304,0.05816245079040527,-0.11706254579590505,
61ac9b0dc6b9,efficientnet_b3,gradcam,clean,none,0.25641380238036304,0.7106867502133051,1.0,
61ac9b0dc6b9,efficientnet_b3,gradcam,blur,low,0.17858430494864785,0.4029377773404122,0.5550639734245509,
61ac9b0dc6b9,efficientnet_b3,gradcam,blur,mid,0.10880722422152758,0.2893023436268171,0.24213544847597676,
61ac9b0dc6b9,efficientnet_b3,gradcam,blur,high,0.26134972677876556,0.427509052058061,-0.015220559755912032,
61ac9b0dc6b9,efficientnet_b3,gradcam,exposure,low,0.3487795078506072,0.6661728858947755,0.77481853858728,
61ac9b0dc6b9,efficientnet_b3,gradcam,exposure,mid,0.2934031812474131,0.5303129901488622,0.766802042691394,
61ac9b0dc6b9,efficientnet_b3,gradcam,exposure,high,0.23062953638533754,0.3149697018166383,0.5242563467613992,
61ac9b0dc6b9,efficientnet_b3,gradcam,noise,low,0.13659915725390118,0.3143425556520621,0.45701323341120437,
61ac9b0dc6b9,efficientnet_b3,gradcam,noise,mid,0.07612040316065152,0.0991259537735188,0.0,
61ac9b0dc6b9,efficientnet_b3,gradcam,noise,high,0.03920185752213001,0.09981767212351163,-0.04327575453924128,
b9b99dad668d,efficientnet_b3,gradcam,clean,none,0.12562433953086535,0.49902356689174965,1.0,
b9b99dad668d,efficientnet_b3,gradcam,blur,low,0.2218494100496173,0.5500088281929493,0.13524088995815448,
b9b99dad668d,efficientnet_b3,gradcam,blur,mid,0.3251034989953042,0.4319750323891639,-0.010557817881653555,
b9b99dad668d,efficientnet_b3,gradcam,blur,high,0.18825765370080869,0.14261299570401512,-0.11868972484867377,
b9b99dad668d,efficientnet_b3,gradcam,exposure,low,0.10790483678380648,0.19178718421608212,0.5909277111590203,
b9b99dad668d,efficientnet_b3,gradcam,exposure,mid,0.04469782720940808,0.16892178324827306,0.32739032672676815,
b9b99dad668d,efficientnet_b3,gradcam,exposure,high,0.10653473217971622,0.20493405337134998,-0.27420540226149004,
b9b99dad668d,efficientnet_b3,gradcam,noise,low,0.07011991691154738,0.5737074288229147,-0.4777129217670095,
b9b99dad668d,efficientnet_b3,gradcam,noise,mid,0.49256882407935343,0.36655200603604643,0.24866580267762398,
b9b99dad668d,efficientnet_b3,gradcam,noise,high,0.5028564549361667,0.3392315626144412,0.06877746038506002,
a32886cb31ab,efficientnet_b3,gradcam,clean,none,0.09114852203056217,0.31552876432736704,1.0,
a32886cb31ab,efficientnet_b3,gradcam,blur,low,0.15897646608452004,0.3616022607932488,-0.14036865888423347,
a32886cb31ab,efficientnet_b3,gradcam,blur,mid,0.31915278621017934,0.3943927538891633,-0.46435621741764277,
a32886cb31ab,efficientnet_b3,gradcam,blur,high,0.2608504580954711,0.12853646489481133,0.12828078920833685,
a32886cb31ab,efficientnet_b3,gradcam,exposure,low,0.10165857275327046,0.1295351827517152,0.6742865080819875,
a32886cb31ab,efficientnet_b3,gradcam,exposure,mid,0.09871914222215614,0.06501063102235395,0.7267454606966015,
a32886cb31ab,efficientnet_b3,gradcam,exposure,high,0.05029670766865214,0.1492435287684202,0.017227057975776196,
a32886cb31ab,efficientnet_b3,gradcam,noise,low,0.04549358002841473,0.2821259831388792,0.4305896971067211,
a32886cb31ab,efficientnet_b3,gradcam,noise,mid,0.37767311286958527,0.5090313496689002,-0.01803776413428083,
a32886cb31ab,efficientnet_b3,gradcam,noise,high,0.3263808387021224,0.5478273158272109,-0.250323457020061,
763ad1236efe,efficientnet_b3,gradcam,clean,none,0.7464789991577466,0.7667952865362165,1.0,
763ad1236efe,efficientnet_b3,gradcam,blur,low,0.7078330080492974,0.5567949364582697,0.6849937292472574,
763ad1236efe,efficientnet_b3,gradcam,blur,mid,0.30955046359449623,0.5098668744166692,0.6763770992062427,
763ad1236efe,efficientnet_b3,gradcam,blur,high,0.307770312577486,0.3457194705804189,-0.12029713630208991,
763ad1236efe,efficientnet_b3,gradcam,exposure,low,0.7553172906239827,0.7653562019268672,0.8807972975138186,
763ad1236efe,efficientnet_b3,gradcam,exposure,mid,0.8243278056383132,0.8115574320157367,0.8629296742117388,
763ad1236efe,efficientnet_b3,gradcam,exposure,high,0.8360294103622437,0.7572867969671886,0.7761168554879918,
763ad1236efe,efficientnet_b3,gradcam,noise,low,0.5663589919606844,0.7158846378326418,0.6238483987290042,
763ad1236efe,efficientnet_b3,gradcam,noise,mid,0.08279064679905968,0.19227638443316353,0.0,
763ad1236efe,efficientnet_b3,gradcam,noise,high,0.06286030411720275,0.11802907778571048,0.0,
bf87aedf2489,efficientnet_b3,gradcam,clean,none,0.6426252829531828,0.7997411410013836,1.0,
bf87aedf2489,efficientnet_b3,gradcam,blur,low,0.7456711403443478,0.7862061828374863,0.8346498882581869,
bf87aedf2489,efficientnet_b3,gradcam,blur,mid,0.5273273298516868,0.46144149601459505,0.8060881186895539,
bf87aedf2489,efficientnet_b3,gradcam,blur,high,0.28408371272186433,0.26578086043397586,0.5416625058892693,
bf87aedf2489,efficientnet_b3,gradcam,exposure,low,0.6688634922107062,0.7901971032222112,0.9263715705939696,
bf87aedf2489,efficientnet_b3,gradcam,exposure,mid,0.7669706265131632,0.8009119937817255,0.9019910154914951,
bf87aedf2489,efficientnet_b3,gradcam,exposure,high,0.843527173002561,0.7780625720818838,0.9019306530316424,
bf87aedf2489,efficientnet_b3,gradcam,noise,low,0.7331034034490586,0.7934698810180029,0.8033874998583732,
bf87aedf2489,efficientnet_b3,gradcam,noise,mid,0.11715192894140879,0.24373869002441695,-0.13894383410557842,
bf87aedf2489,efficientnet_b3,gradcam,noise,high,0.06764530142148337,0.06852366924285888,0.6289713686557853,
55092c0071eb,efficientnet_b3,gradcam,clean,none,0.43893936847647036,0.5307613529264927,1.0,
55092c0071eb,efficientnet_b3,gradcam,blur,low,0.15337890367954968,0.3777832138041655,0.728540625128701,
55092c0071eb,efficientnet_b3,gradcam,blur,mid,0.1220166323085626,0.3060337080309788,0.45785310199389284,
55092c0071eb,efficientnet_b3,gradcam,blur,high,0.1954345541695754,0.256580293054382,0.3532589489104827,
55092c0071eb,efficientnet_b3,gradcam,exposure,low,0.3359206531196832,0.6006752957900365,0.8614012445249573,
55092c0071eb,efficientnet_b3,gradcam,exposure,mid,0.23538272089014456,0.7259778194129468,0.6783251799936222,
55092c0071eb,efficientnet_b3,gradcam,exposure,high,0.15415355302393438,0.5961541466414929,0.3985364128867978,
55092c0071eb,efficientnet_b3,gradcam,noise,low,0.11110319470365841,0.3187277545531591,0.42208577472997477,
55092c0071eb,efficientnet_b3,gradcam,noise,mid,0.05444186559317459,0.09797361282010872,-0.1765559638510067,
55092c0071eb,efficientnet_b3,gradcam,noise,high,0.10698629145820936,0.040102419629693034,-0.3883881647743079,
9ed666e982cd,efficientnet_b3,gradcam,clean,none,0.038835042412392794,0.17049001889924206,1.0,
9ed666e982cd,efficientnet_b3,gradcam,blur,low,0.09296638430096207,0.08500778988624613,0.2874341123125255,
9ed666e982cd,efficientnet_b3,gradcam,blur,mid,0.1437649122128884,0.052379229851067056,0.35766058730769906,
9ed666e982cd,efficientnet_b3,gradcam,blur,high,0.15991458807402525,0.050754545815289015,0.11586174133088001,
9ed666e982cd,efficientnet_b3,gradcam,exposure,low,0.08500900482758879,0.1882170556113124,0.7947936352404598,
9ed666e982cd,efficientnet_b3,gradcam,exposure,mid,0.035591780083874855,0.2626193186889092,0.4847427336572808,
9ed666e982cd,efficientnet_b3,gradcam,exposure,high,0.08817573720977331,0.13705156058228263,0.4259564019833782,
9ed666e982cd,efficientnet_b3,gradcam,noise,low,0.0629408133837084,0.024347706697881225,0.474084431533407,
9ed666e982cd,efficientnet_b3,gradcam,noise,mid,0.2915820119252506,0.49280188669387526,-0.46667793594139256,
9ed666e982cd,efficientnet_b3,gradcam,noise,high,0.5644021483759085,0.2754424493162892,-0.4962399969887917,
4158c340fa49,efficientnet_b3,gradcam,clean,none,0.7507771919171015,0.8099385162194568,1.0,
4158c340fa49,efficientnet_b3,gradcam,blur,low,0.563437192638715,0.747866856555144,0.27578616362772934,
4158c340fa49,efficientnet_b3,gradcam,blur,mid,0.2868954022725423,0.37533244490623474,0.21083421380695946,
4158c340fa49,efficientnet_b3,gradcam,blur,high,0.3669541212419668,0.26477674519022304,0.3345307876148892,
4158c340fa49,efficientnet_b3,gradcam,exposure,low,0.7575006827712057,0.7752619236707686,0.9688519681293806,
4158c340fa49,efficientnet_b3,gradcam,exposure,mid,0.7751488327980041,0.803250351548195,0.9544507013696071,
4158c340fa49,efficientnet_b3,gradcam,exposure,high,0.8056911498308181,0.7006774976849557,0.6880510604925334,
4158c340fa49,efficientnet_b3,gradcam,noise,low,0.6258103320995966,0.7745787809292474,0.5204256039849703,
4158c340fa49,efficientnet_b3,gradcam,noise,mid,0.1171902826913527,0.057476840416590375,-0.15655679238882905,
4158c340fa49,efficientnet_b3,gradcam,noise,high,0.09723058144251505,0.07993774136502393,-0.07217163260479725,
5264a54e1830,efficientnet_b3,gradcam,clean,none,0.7923952708641687,0.7202949176232017,1.0,
5264a54e1830,efficientnet_b3,gradcam,blur,low,0.833380573987961,0.8122543116410574,0.8683331993134138,
5264a54e1830,efficientnet_b3,gradcam,blur,mid,0.6947174886862437,0.7089525351921717,0.5945369031604395,
5264a54e1830,efficientnet_b3,gradcam,blur,high,0.661641179122186,0.3832437495390573,0.6919698032734075,
5264a54e1830,efficientnet_b3,gradcam,exposure,low,0.9168426563342413,0.5715654502312342,0.9635783333637448,
5264a54e1830,efficientnet_b3,gradcam,exposure,mid,0.8494969497124353,0.6122479726870855,0.8394871546650553,
5264a54e1830,efficientnet_b3,gradcam,exposure,high,0.7021855930487314,0.49528621286153796,0.42827088054115636,
5264a54e1830,efficientnet_b3,gradcam,noise,low,0.7647469108303389,0.6858678738276163,0.9397560153769366,
5264a54e1830,efficientnet_b3,gradcam,noise,mid,0.06803629398345948,0.1729046156009038,-0.1097382089146746,
5264a54e1830,efficientnet_b3,gradcam,noise,high,0.09786689073468247,0.0888252670566241,0.0,
8d9516ea3587,efficientnet_b3,gradcam,clean,none,0.7456636319557827,0.809591116507848,1.0,
8d9516ea3587,efficientnet_b3,gradcam,blur,low,0.8001623799403507,0.7551384687423706,0.8567442224197682,
8d9516ea3587,efficientnet_b3,gradcam,blur,mid,0.5307483029510573,0.6269877135753632,0.6625976321465492,
8d9516ea3587,efficientnet_b3,gradcam,blur,high,0.34958131412714943,0.3198803067207336,0.3035627708734039,
8d9516ea3587,efficientnet_b3,gradcam,exposure,low,0.8308038413524628,0.8305144215623537,0.8656806142380185,
8d9516ea3587,efficientnet_b3,gradcam,exposure,mid,0.8421256055434545,0.843328383564949,0.8546942585915523,
8d9516ea3587,efficientnet_b3,gradcam,exposure,high,0.9065040558576586,0.7464338471492131,0.7886471745663912,
8d9516ea3587,efficientnet_b3,gradcam,noise,low,0.810342440009117,0.861116306980451,0.8948477163623553,
8d9516ea3587,efficientnet_b3,gradcam,noise,mid,0.12925862967967988,0.08659399896860125,0.3111541686694171,
8d9516ea3587,efficientnet_b3,gradcam,noise,high,0.09974028865496318,0.16643168032169342,0.0,
83038ca49b6d,efficientnet_b3,gradcam,clean,none,0.6572701185941697,0.8009722650051116,1.0,
83038ca49b6d,efficientnet_b3,gradcam,blur,low,0.6977129324245842,0.7476017753283183,0.7154029120750691,
83038ca49b6d,efficientnet_b3,gradcam,blur,mid,0.7090928008159002,0.6119954993327459,0.6705506164438448,
83038ca49b6d,efficientnet_b3,gradcam,blur,high,0.4285313313206037,0.28403630579511324,0.2302911643246946,
83038ca49b6d,efficientnet_b3,gradcam,exposure,low,0.7356964339812594,0.8534452070792516,0.8316353163088713,
83038ca49b6d,efficientnet_b3,gradcam,exposure,mid,0.8129875153303148,0.8783778578042983,0.8495280673468398,
83038ca49b6d,efficientnet_b3,gradcam,exposure,high,0.8875708858172099,0.8629143188397088,0.8307031443931646,
83038ca49b6d,efficientnet_b3,gradcam,noise,low,0.7697449584801992,0.8689097821712495,0.7869133955405792,
83038ca49b6d,efficientnet_b3,gradcam,noise,mid,0.11441597243150076,0.25149587110305827,-0.40245295707488477,
83038ca49b6d,efficientnet_b3,gradcam,noise,high,0.06844138205051423,0.11258372962474823,0.0,
1e143fa3de57,efficientnet_b3,gradcam,clean,none,0.571909849718213,0.8027711719274521,1.0,
1e143fa3de57,efficientnet_b3,gradcam,blur,low,0.13032801654189824,0.5576705972353618,0.6799247087538892,
1e143fa3de57,efficientnet_b3,gradcam,blur,mid,0.2097785050670306,0.3936346763124069,0.30824557575188655,
1e143fa3de57,efficientnet_b3,gradcam,blur,high,0.2556609740480781,0.45855144212643306,0.5274535891571895,
1e143fa3de57,efficientnet_b3,gradcam,exposure,low,0.5411163610095778,0.8246439094344774,0.9144716091521407,
1e143fa3de57,efficientnet_b3,gradcam,exposure,mid,0.32536414687832205,0.8132208198308944,0.8229033608461814,
1e143fa3de57,efficientnet_b3,gradcam,exposure,high,0.21234027768174807,0.7045199409127235,0.7846473390997977,
1e143fa3de57,efficientnet_b3,gradcam,noise,low,0.41223822527875503,0.7655442714691164,0.711582501698301,
1e143fa3de57,efficientnet_b3,gradcam,noise,mid,0.10835575759412273,0.3441986732184897,-0.1575476859808474,
1e143fa3de57,efficientnet_b3,gradcam,noise,high,0.10939640185485283,0.182067542274793,0.0,
8329e80c10ac,efficientnet_b3,gradcam,clean,none,0.7156763672828674,0.8971168160438537,1.0,
8329e80c10ac,efficientnet_b3,gradcam,blur,low,0.703279427687327,0.6547660251458487,0.6946293072164552,
8329e80c10ac,efficientnet_b3,gradcam,blur,mid,0.5033909936745962,0.5927941451470058,0.7004418918701503,
8329e80c10ac,efficientnet_b3,gradcam,blur,high,0.3806600977977117,0.35726206749677647,0.5938451287255748,
8329e80c10ac,efficientnet_b3,gradcam,exposure,low,0.7666340589523314,0.8748366157213846,0.9465547008807945,
8329e80c10ac,efficientnet_b3,gradcam,exposure,mid,0.7973611732323964,0.7704606940348945,0.8014773725882487,
8329e80c10ac,efficientnet_b3,gradcam,exposure,high,0.8155854096015293,0.6690382421016693,0.8278726458722687,
8329e80c10ac,efficientnet_b3,gradcam,noise,low,0.7977639496326446,0.8491738498210906,0.7631636050239248,
8329e80c10ac,efficientnet_b3,gradcam,noise,mid,0.16602908074855804,0.28034939865272773,-0.2856345524015907,
8329e80c10ac,efficientnet_b3,gradcam,noise,high,0.15813335180282592,0.10485955774784088,0.6044011431579838,
9a326446c431,resnet50,shap,clean,none,0.38905676268041134,0.7865373442570369,1.0,
9a326446c431,resnet50,shap,blur,low,0.4284961902846893,0.6159950907031695,0.9728181952768149,
9a326446c431,resnet50,shap,blur,mid,0.5836449079215525,0.8827077170213063,0.630546893917576,
9a326446c431,resnet50,shap,blur,high,0.7443044128517311,0.8796565979719161,0.0,
9a326446c431,resnet50,shap,exposure,low,0.6918179204066595,0.7379276707768441,0.4938686982353927,
9a326446c431,resnet50,shap,exposure,mid,0.5782252664367358,0.6040828362107277,0.0,
9a326446c431,resnet50,shap,exposure,high,0.45546661714712783,0.48897311240434643,0.0,
9a326446c431,resnet50,shap,noise,low,0.12933226941774287,0.40806136876344684,0.6523924756366092,
9a326446c431,resnet50,shap,noise,mid,0.4003609205285708,0.5579671300947666,0.47228929221768734,
9a326446c431,resnet50,shap,noise,high,0.36624328245719284,0.43209399978319807,-0.31839096657294075,
d7bc00091cfc,resnet50,shap,clean,none,0.5325720603267351,0.9721530189116796,1.0,
d7bc00091cfc,resnet50,shap,blur,low,0.6401293913523357,0.8898349384466805,0.0,
d7bc00091cfc,resnet50,shap,blur,mid,0.5226839840412141,0.8246987948815029,0.0,
d7bc00091cfc,resnet50,shap,blur,high,0.5150133498013019,0.8968413770198823,0.17604059549065726,
d7bc00091cfc,resnet50,shap,exposure,low,0.6256225511431694,0.8432067930698394,-0.05212838565361946,
d7bc00091cfc,resnet50,shap,exposure,mid,0.8365133821964262,0.8956748892863593,0.0,
d7bc00091cfc,resnet50,shap,exposure,high,0.7383776210248469,0.9073196411132813,0.0,
d7bc00091cfc,resnet50,shap,noise,low,0.5717573853830497,0.880712949236234,0.2736946985446273,
d7bc00091cfc,resnet50,shap,noise,mid,0.5895427053173383,0.8212604492902756,0.0,
d7bc00091cfc,resnet50,shap,noise,high,0.29572626973191896,0.3929018477598827,0.2106983021412082,
9688c6ef5dc5,resnet50,shap,clean,none,0.9810223788022996,0.7744987696409226,1.0,
9688c6ef5dc5,resnet50,shap,blur,low,0.9018580893675485,0.7625548243522644,0.0,
9688c6ef5dc5,resnet50,shap,blur,mid,0.9364943832159043,0.6039499253034593,0.0,
9688c6ef5dc5,resnet50,shap,blur,high,0.9052192250887551,0.5465124785900116,0.0,
9688c6ef5dc5,resnet50,shap,exposure,low,0.9119681894779205,0.8694398909807204,0.0,
9688c6ef5dc5,resnet50,shap,exposure,mid,0.8242376749714214,0.8911752134561538,0.0,
9688c6ef5dc5,resnet50,shap,exposure,high,0.6657071600357692,0.6780789961417515,0.0,
9688c6ef5dc5,resnet50,shap,noise,low,0.9017567187547684,0.7929385691881178,0.0,
9688c6ef5dc5,resnet50,shap,noise,mid,0.8973209261894225,0.630763590335846,0.0,
9688c6ef5dc5,resnet50,shap,noise,high,0.7733571134507656,0.19418776122232276,0.0,
6bf26b777e3a,resnet50,shap,clean,none,0.7620214360455673,0.7407901465892792,1.0,
6bf26b777e3a,resnet50,shap,blur,low,0.7283314536015193,0.5368300408124922,0.0,
6bf26b777e3a,resnet50,shap,blur,mid,0.6670471303164958,0.6155914018551508,0.0,
6bf26b777e3a,resnet50,shap,blur,high,0.6410349133114022,0.697386128703753,0.0,
6bf26b777e3a,resnet50,shap,exposure,low,0.6997082913915317,0.6941507707039515,0.0,
6bf26b777e3a,resnet50,shap,exposure,mid,0.5839676775038241,0.6740338653326035,0.0,
6bf26b777e3a,resnet50,shap,exposure,high,0.215752349793911,0.4360899637142817,0.0,
6bf26b777e3a,resnet50,shap,noise,low,0.7338445037603378,0.6462963973482451,0.0,
6bf26b777e3a,resnet50,shap,noise,mid,0.3687344234436751,0.4310047293702761,0.0,
6bf26b777e3a,resnet50,shap,noise,high,0.4335566934198141,0.5136585692564647,0.0,
763ad1236efe,resnet50,shap,clean,none,0.6959439401825269,0.881827673316002,1.0,
763ad1236efe,resnet50,shap,blur,low,0.4717444737752279,0.6150577346483864,0.0,
763ad1236efe,resnet50,shap,blur,mid,0.4689687768618266,0.6998890976111093,0.0,
763ad1236efe,resnet50,shap,blur,high,0.48155573258797324,0.6910916407903036,0.0,
763ad1236efe,resnet50,shap,exposure,low,0.8145594388246538,0.7377050151427587,0.0,
763ad1236efe,resnet50,shap,exposure,mid,0.8262950827678044,0.8565196613470714,0.0,
763ad1236efe,resnet50,shap,exposure,high,0.6795653867224853,0.7003070175647735,0.0,
763ad1236efe,resnet50,shap,noise,low,0.5239769299825033,0.8399321337540944,0.0,
763ad1236efe,resnet50,shap,noise,mid,0.5433138425151507,0.6596031417449315,0.0,
763ad1236efe,resnet50,shap,noise,high,0.13719229673345884,0.30425931562980013,0.0,
bf87aedf2489,resnet50,shap,clean,none,0.9345563471317289,0.8619587719440461,1.0,
bf87aedf2489,resnet50,shap,blur,low,0.6028137202064197,0.8514123618602754,0.40505794419130514,
bf87aedf2489,resnet50,shap,blur,mid,0.6427576174338658,0.6114958534638087,0.0231684081166945,
bf87aedf2489,resnet50,shap,blur,high,0.66029109309117,0.5471573114395142,0.3150922288803116,
bf87aedf2489,resnet50,shap,exposure,low,0.9447074304024378,0.7845377484957378,0.0,
bf87aedf2489,resnet50,shap,exposure,mid,0.7863471110661825,0.8398565034071603,0.0,
bf87aedf2489,resnet50,shap,exposure,high,0.5745233148336408,0.6447969913482665,0.07443565368386335,
bf87aedf2489,resnet50,shap,noise,low,0.9011486043532688,0.7666240264972052,-0.037664883302189194,
bf87aedf2489,resnet50,shap,noise,mid,0.8091576486825942,0.6618187437454859,0.0,
bf87aedf2489,resnet50,shap,noise,high,0.8200283944606781,0.25875349640846246,-0.05217378133106263,
4158c340fa49,resnet50,shap,clean,none,0.7822687933842342,0.9631150245666502,1.0,
4158c340fa49,resnet50,shap,blur,low,0.6807453388969104,0.8125841458638509,0.0,
4158c340fa49,resnet50,shap,blur,mid,0.6282400482644637,0.8750833561023077,0.0,
4158c340fa49,resnet50,shap,blur,high,0.693298193315665,0.9453091770410537,0.0,
4158c340fa49,resnet50,shap,exposure,low,0.80709335654974,0.9416098495324451,0.0,
4158c340fa49,resnet50,shap,exposure,mid,0.6332789095739524,0.6059224824110668,0.0,
4158c340fa49,resnet50,shap,exposure,high,0.24324787730971972,0.45942056179046636,0.0,
4158c340fa49,resnet50,shap,noise,low,0.6999973148107529,0.9054858326911925,0.0,
4158c340fa49,resnet50,shap,noise,mid,0.4705116160213948,0.6376348505417505,0.0,
4158c340fa49,resnet50,shap,noise,high,0.4451816096901894,0.4213589439789454,0.0,
5264a54e1830,resnet50,shap,clean,none,0.8487211103240649,0.9114429463942846,1.0,
5264a54e1830,resnet50,shap,blur,low,0.8062415570020676,0.9252423961957293,0.0,
5264a54e1830,resnet50,shap,blur,mid,0.7914143155018488,0.9023561686277389,0.0,
5264a54e1830,resnet50,shap,blur,high,0.7442322254180909,0.8090610096851983,0.0,
5264a54e1830,resnet50,shap,exposure,low,0.41576437999804816,0.8799401372671127,0.0,
5264a54e1830,resnet50,shap,exposure,mid,0.2738782813151677,0.8456997702519099,0.0,
5264a54e1830,resnet50,shap,exposure,high,0.46297246540586157,0.6339833120505016,0.0,
5264a54e1830,resnet50,shap,noise,low,0.515063018600146,0.8472694714864094,0.0,
5264a54e1830,resnet50,shap,noise,mid,0.7854998071988426,0.5631141647696496,0.0,
5264a54e1830,resnet50,shap,noise,high,0.1760578215122223,0.1412380579859018,0.0,
8d9516ea3587,resnet50,shap,clean,none,0.9007591068744659,0.898444664478302,1.0,
8d9516ea3587,resnet50,shap,blur,low,0.8167558342218398,0.7990623017152151,0.0,
8d9516ea3587,resnet50,shap,blur,mid,0.6397981117169063,0.7773388812939328,0.0,
8d9516ea3587,resnet50,shap,blur,high,0.7914433896541597,0.7273447384436925,0.0,
8d9516ea3587,resnet50,shap,exposure,low,0.9598848064740498,0.8611776391665141,0.0,
8d9516ea3587,resnet50,shap,exposure,mid,0.7404276842872302,0.9478612204392749,0.0,
8d9516ea3587,resnet50,shap,exposure,high,0.5202173084020614,0.8380981355905534,0.0,
8d9516ea3587,resnet50,shap,noise,low,0.6830092549324036,0.8227061748504639,0.0,
8d9516ea3587,resnet50,shap,noise,mid,0.7968464225530624,0.8483022461334866,0.0,
8d9516ea3587,resnet50,shap,noise,high,0.3222115794817607,0.36368113905191424,0.0,
83038ca49b6d,resnet50,shap,clean,none,0.6322390201191105,0.7785651753346124,1.0,
83038ca49b6d,resnet50,shap,blur,low,0.5267878527442615,0.6387265890836715,0.0,
83038ca49b6d,resnet50,shap,blur,mid,0.4407997208336989,0.6673487077156703,0.0,
83038ca49b6d,resnet50,shap,blur,high,0.41613840361436205,0.6904554208119712,0.0,
83038ca49b6d,resnet50,shap,exposure,low,0.7782955517371496,0.8234050432840984,0.0,
83038ca49b6d,resnet50,shap,exposure,mid,0.810777431726456,0.9061246444781622,0.0,
83038ca49b6d,resnet50,shap,exposure,high,0.6415048698584238,0.7545451750357945,0.0,
83038ca49b6d,resnet50,shap,noise,low,0.5955944369236628,0.7210901071627934,0.0,
83038ca49b6d,resnet50,shap,noise,mid,0.6500188042720157,0.8492874910434087,0.0,
83038ca49b6d,resnet50,shap,noise,high,0.6023671137789885,0.5328248461087544,0.0,
8329e80c10ac,resnet50,shap,clean,none,0.5486235025028388,0.8722820182641345,1.0,
8329e80c10ac,resnet50,shap,blur,low,0.5792606291671594,0.7783217906951905,0.0,
8329e80c10ac,resnet50,shap,blur,mid,0.43911346321304645,0.7877166827519735,-0.06395511763778892,
8329e80c10ac,resnet50,shap,blur,high,0.46815301626920697,0.8053196976582209,0.0,
8329e80c10ac,resnet50,shap,exposure,low,0.9565355549256007,0.8176440666119257,0.0,
8329e80c10ac,resnet50,shap,exposure,mid,0.8792061214645703,0.9265289157629013,0.0,
8329e80c10ac,resnet50,shap,exposure,high,0.5505331965784233,0.7821574171384175,0.9628975147455922,
8329e80c10ac,resnet50,shap,noise,low,0.46165477012594547,0.8045283188422521,0.9854560510897266,
8329e80c10ac,resnet50,shap,noise,mid,0.4940933619936307,0.6458566168944043,-0.022395538113620973,
8329e80c10ac,resnet50,shap,noise,high,0.1369121938943863,0.1199488582710425,0.13159453364719137,
9a326446c431,efficientnet_b3,shap,clean,none,0.687116188307603,0.7325429538885754,1.0,
9a326446c431,efficientnet_b3,shap,blur,low,0.5235562831163406,0.3888363686700662,0.0,
9a326446c431,efficientnet_b3,shap,blur,mid,0.5788743307193119,0.42207658787568414,0.0,
9a326446c431,efficientnet_b3,shap,blur,high,0.6001267815629638,0.3361088881889979,0.40576914548078086,
9a326446c431,efficientnet_b3,shap,exposure,low,0.8400524020195006,0.5072641402482986,0.0,
9a326446c431,efficientnet_b3,shap,exposure,mid,0.6561777646342912,0.4780853405594826,-0.9544717593858625,
9a326446c431,efficientnet_b3,shap,exposure,high,0.8356382658084234,0.3141236126422882,-0.525207451681262,
9a326446c431,efficientnet_b3,shap,noise,low,0.5081551333268483,0.6415591388940811,-0.443551074694127,
9a326446c431,efficientnet_b3,shap,noise,mid,0.10347548524538676,0.059281160833779725,0.0,
9a326446c431,efficientnet_b3,shap,noise,high,0.04397588471571604,0.06483987172444661,-0.40651232336656246,
d7bc00091cfc,efficientnet_b3,shap,clean,none,0.7122213030854859,0.9117082973321278,1.0,
d7bc00091cfc,efficientnet_b3,shap,blur,low,0.5516713067889215,0.839965374271075,-0.38958648747083885,
d7bc00091cfc,efficientnet_b3,shap,blur,mid,0.544798064728578,0.7788561681906383,0.5681275341661038,
d7bc00091cfc,efficientnet_b3,shap,blur,high,0.5256967370708784,0.5001858870188395,-0.10228417978943034,
d7bc00091cfc,efficientnet_b3,shap,exposure,low,0.8202024827400843,0.83261934419473,0.30046748988168626,
d7bc00091cfc,efficientnet_b3,shap,exposure,mid,0.9477740714947381,0.7585321202874185,0.0,
d7bc00091cfc,efficientnet_b3,shap,exposure,high,0.9359573374191921,0.7814750323692957,0.009448687033119118,
d7bc00091cfc,efficientnet_b3,shap,noise,low,0.7223161458969117,0.8545153091351192,0.27457256005785946,
d7bc00091cfc,efficientnet_b3,shap,noise,mid,0.15585484405358635,0.22173783282438914,-0.0562046417392866,
d7bc00091cfc,efficientnet_b3,shap,noise,high,0.10418582558631899,0.12707095940907795,-0.12523470029485298,
9688c6ef5dc5,efficientnet_b3,shap,clean,none,0.8130246639251708,0.7742474019527434,1.0,
9688c6ef5dc5,efficientnet_b3,shap,blur,low,0.7584371169408162,0.6216116984685262,-0.00989712091086528,
9688c6ef5dc5,efficientnet_b3,shap,blur,mid,0.5695030709107718,0.5208152487874032,0.28790280234664356,
9688c6ef5dc5,efficientnet_b3,shap,blur,high,0.4668590299785137,0.17160219351450598,-0.3736503996396721,
9688c6ef5dc5,efficientnet_b3,shap,exposure,low,0.786384097735087,0.7309693455696106,-0.060776579755154804,
9688c6ef5dc5,efficientnet_b3,shap,exposure,mid,0.8796145409345627,0.8480638176202775,-0.003211143214970009,
9688c6ef5dc5,efficientnet_b3,shap,exposure,high,0.7838783462842306,0.6613754997650781,0.5186925350235085,
9688c6ef5dc5,efficientnet_b3,shap,noise,low,0.9145956655343372,0.8008390565713246,0.0,
9688c6ef5dc5,efficientnet_b3,shap,noise,mid,0.1932145853837331,0.23823492377996444,0.0,
9688c6ef5dc5,efficientnet_b3,shap,noise,high,0.05751558343569437,0.07557980716228485,-0.1602138401814705,
6bf26b777e3a,efficientnet_b3,shap,clean,none,0.8720794111490249,0.5048000852266948,1.0,
6bf26b777e3a,efficientnet_b3,shap,blur,low,0.842148710290591,0.4520852829019229,0.0,
6bf26b777e3a,efficientnet_b3,shap,blur,mid,0.3194966697444519,0.3202891708662112,0.0,
6bf26b777e3a,efficientnet_b3,shap,blur,high,0.6790979246298472,0.38006805976231894,0.0,
6bf26b777e3a,efficientnet_b3,shap,exposure,low,0.8825386673212051,0.4138896028200785,0.0,
6bf26b777e3a,efficientnet_b3,shap,exposure,mid,0.5140083442131678,0.61690910110871,0.0,
6bf26b777e3a,efficientnet_b3,shap,exposure,high,0.4975368936856588,0.563136151432991,0.0,
6bf26b777e3a,efficientnet_b3,shap,noise,low,0.8537458191315331,0.4133212827146054,0.0,
6bf26b777e3a,efficientnet_b3,shap,noise,mid,0.0927484005689621,0.24007362177730457,0.0,
6bf26b777e3a,efficientnet_b3,shap,noise,high,0.05919033785661061,0.050686304519573844,0.0,
763ad1236efe,efficientnet_b3,shap,clean,none,0.7015377721759248,0.7610457171996435,1.0,
763ad1236efe,efficientnet_b3,shap,blur,low,0.5572065195068716,0.6659952441851297,0.08190851574605071,
763ad1236efe,efficientnet_b3,shap,blur,mid,0.4075040765884932,0.4915070533752441,-0.23699111397170378,
763ad1236efe,efficientnet_b3,shap,blur,high,0.30223482896884285,0.2519249508778254,-0.35717940755247374,
763ad1236efe,efficientnet_b3,shap,exposure,low,0.7087988362414764,0.6975283374389013,0.07503035028078266,
763ad1236efe,efficientnet_b3,shap,exposure,mid,0.8289170662562053,0.7992288827896117,0.7383966048390015,
763ad1236efe,efficientnet_b3,shap,exposure,high,0.7703003058830898,0.8038887083530425,-0.7446951917241368,
763ad1236efe,efficientnet_b3,shap,noise,low,0.6470395088195802,0.7631982415914537,0.5840756057660083,
763ad1236efe,efficientnet_b3,shap,noise,mid,0.0936493158340454,0.20553322434425353,0.4442899698592298,
763ad1236efe,efficientnet_b3,shap,noise,high,0.13271610736846925,0.14885248740514118,-0.4369299094278628,
bf87aedf2489,efficientnet_b3,shap,clean,none,0.6967091959581675,0.6483707199494044,1.0,
bf87aedf2489,efficientnet_b3,shap,blur,low,0.8404881301995677,0.7941530187924702,0.0,
bf87aedf2489,efficientnet_b3,shap,blur,mid,0.42734172220031424,0.5741307973861696,0.0,
bf87aedf2489,efficientnet_b3,shap,blur,high,0.3986931209762891,0.17923736919959388,0.0,
bf87aedf2489,efficientnet_b3,shap,exposure,low,0.720727664232254,0.708570106824239,0.0,
bf87aedf2489,efficientnet_b3,shap,exposure,mid,0.761415512363116,0.7820481300354003,0.0,
bf87aedf2489,efficientnet_b3,shap,exposure,high,0.8238366037607191,0.6978029211362203,0.0,
bf87aedf2489,efficientnet_b3,shap,noise,low,0.7498791376749675,0.718355440100034,0.0,
bf87aedf2489,efficientnet_b3,shap,noise,mid,0.10726021925612905,0.24296832631031673,0.0,
bf87aedf2489,efficientnet_b3,shap,noise,high,0.019611722230911253,0.1750461757183075,0.0,
4158c340fa49,efficientnet_b3,shap,clean,none,0.9178927580515543,0.8280473808447519,1.0,
4158c340fa49,efficientnet_b3,shap,blur,low,0.7902728706598282,0.5045254781842231,0.0,
4158c340fa49,efficientnet_b3,shap,blur,mid,0.3888090493778387,0.22489937916398048,0.0,
4158c340fa49,efficientnet_b3,shap,blur,high,0.5617546255389848,0.386481648683548,0.0,
4158c340fa49,efficientnet_b3,shap,exposure,low,0.9295042802890142,0.772279782096545,0.0,
4158c340fa49,efficientnet_b3,shap,exposure,mid,0.5989827111363412,0.806628664334615,0.0,
4158c340fa49,efficientnet_b3,shap,exposure,high,0.6727281620105107,0.7011857559283576,0.0,
4158c340fa49,efficientnet_b3,shap,noise,low,0.6560976753632228,0.6256540258725484,0.0,
4158c340fa49,efficientnet_b3,shap,noise,mid,0.1397380811472734,0.18979345253486218,0.0,
4158c340fa49,efficientnet_b3,shap,noise,high,0.07242423593997956,0.06967422763506571,0.0,
5264a54e1830,efficientnet_b3,shap,clean,none,0.756693598628044,0.8549929062525431,1.0,
5264a54e1830,efficientnet_b3,shap,blur,low,0.7778751373291015,0.7256109456221262,0.0,
5264a54e1830,efficientnet_b3,shap,blur,mid,0.786592575397835,0.7263042489687601,0.0,
5264a54e1830,efficientnet_b3,shap,blur,high,0.7748128513849224,0.4478528449932734,0.0,
5264a54e1830,efficientnet_b3,shap,exposure,low,0.8634191552797953,0.7055892229080198,0.0,
5264a54e1830,efficientnet_b3,shap,exposure,mid,0.9243114004532497,0.712888503074646,0.0,
5264a54e1830,efficientnet_b3,shap,exposure,high,0.8906492044528327,0.32240647363166025,0.0,
5264a54e1830,efficientnet_b3,shap,noise,low,0.7963195304075877,0.5963752071062723,0.0,
5264a54e1830,efficientnet_b3,shap,noise,mid,0.09611705915182635,0.14790970981121063,0.0,
5264a54e1830,efficientnet_b3,shap,noise,high,0.06955689092477163,0.06753049492836,0.0,
8d9516ea3587,efficientnet_b3,shap,clean,none,0.8841552476088206,0.9291720271110533,1.0,
8d9516ea3587,efficientnet_b3,shap,blur,low,0.7835013031959532,0.799065351486206,0.39185202429446025,
8d9516ea3587,efficientnet_b3,shap,blur,mid,0.5671020631988845,0.6855072259902955,0.019226346862579992,
8d9516ea3587,efficientnet_b3,shap,blur,high,0.39967058897018426,0.19883578121662135,0.45293046584685753,
8d9516ea3587,efficientnet_b3,shap,exposure,low,0.8176073330526074,0.8677253857254981,-0.661225863778419,
8d9516ea3587,efficientnet_b3,shap,exposure,mid,0.8952079345782598,0.876833841204643,-0.5849213880532617,
8d9516ea3587,efficientnet_b3,shap,exposure,high,0.9356485644976297,0.8366196115811667,0.0,
8d9516ea3587,efficientnet_b3,shap,noise,low,0.858042789498965,0.9086802959442138,0.017617690705488794,
8d9516ea3587,efficientnet_b3,shap,noise,mid,0.08531768520673115,0.23182767828312334,0.0,
8d9516ea3587,efficientnet_b3,shap,noise,high,0.06446068783601125,0.10966112514336904,-0.02780853027018568,
83038ca49b6d,efficientnet_b3,shap,clean,none,0.7374303251504897,0.673222021261851,1.0,
83038ca49b6d,efficientnet_b3,shap,blur,low,0.7863328019777933,0.7857022851705552,0.017973673820276308,
83038ca49b6d,efficientnet_b3,shap,blur,mid,0.6173830196261405,0.6416461676359178,-0.04413737102772975,
83038ca49b6d,efficientnet_b3,shap,blur,high,0.31527492304643,0.28305694088339806,0.030325397171412256,
83038ca49b6d,efficientnet_b3,shap,exposure,low,0.8218123257160186,0.8305826693773268,0.47582446875930773,
83038ca49b6d,efficientnet_b3,shap,exposure,mid,0.7884078641732535,0.8126055240631102,0.014468267475021003,
83038ca49b6d,efficientnet_b3,shap,exposure,high,0.9475084543228148,0.8613727529843648,0.0,
83038ca49b6d,efficientnet_b3,shap,noise,low,0.8308112780253092,0.7816544671853385,0.0,
83038ca49b6d,efficientnet_b3,shap,noise,mid,0.2554646015167236,0.2780807178509369,-0.02208629990756486,
83038ca49b6d,efficientnet_b3,shap,noise,high,0.06616981625556945,0.18255349099636076,-0.05140081369988358,
8329e80c10ac,efficientnet_b3,shap,clean,none,0.6531831473112106,0.8951631675163905,1.0,
8329e80c10ac,efficientnet_b3,shap,blur,low,0.5793732345104217,0.7706181148687998,0.045241904787732636,
8329e80c10ac,efficientnet_b3,shap,blur,mid,0.4927409686148167,0.5770671159029006,0.025733206350718615,
8329e80c10ac,efficientnet_b3,shap,blur,high,0.4667512580752372,0.2766471867760022,-0.6570203093534759,
8329e80c10ac,efficientnet_b3,shap,exposure,low,0.7490036909778913,0.8973107149203617,0.6265363182850032,
8329e80c10ac,efficientnet_b3,shap,exposure,mid,0.8029792696237565,0.865404987335205,-0.004208685171099359,
8329e80c10ac,efficientnet_b3,shap,exposure,high,0.7576654781897865,0.8205601046482723,0.042998269892966144,
8329e80c10ac,efficientnet_b3,shap,noise,low,0.7901496092478433,0.8455501824617386,0.7024640822430002,
8329e80c10ac,efficientnet_b3,shap,noise,mid,0.15971309940020242,0.2539169202248256,0.038891176411060324,
8329e80c10ac,efficientnet_b3,shap,noise,high,0.10783434225804883,0.059154865145683286,-0.3359292679294223,
9a326446c431,vit_base,shap,clean,none,0.28056704898675283,0.6935833235581716,1.0,
9a326446c431,vit_base,shap,blur,low,0.3204611346125603,0.5519185036420822,-0.6281042360514124,
9a326446c431,vit_base,shap,blur,mid,0.28545090109109883,0.4648254791895549,-0.6693214270545119,
9a326446c431,vit_base,shap,blur,high,0.22511072506507238,0.3448855832219123,-0.038922658882605043,
9a326446c431,vit_base,shap,exposure,low,0.20654157896836597,0.2078542679548263,0.02033616157593086,
9a326446c431,vit_base,shap,exposure,mid,0.1805396854877472,0.17563325713078182,0.01298871552240006,
9a326446c431,vit_base,shap,exposure,high,0.2876355037093162,0.25774352898200353,0.3332003179478522,
9a326446c431,vit_base,shap,noise,low,0.5669592666129272,0.5658597300450008,0.0,
9a326446c431,vit_base,shap,noise,mid,0.3001908992727597,0.6686938057343164,-0.7632751498487698,
9a326446c431,vit_base,shap,noise,high,0.35619712769985196,0.6783950080474217,-0.4028271999929687,
d7bc00091cfc,vit_base,shap,clean,none,0.4385995645076036,0.7017050335804622,1.0,
d7bc00091cfc,vit_base,shap,blur,low,0.5019994649415215,0.6936545014381408,0.0,
d7bc00091cfc,vit_base,shap,blur,mid,0.2657271455973387,0.6180764218171437,0.0,
d7bc00091cfc,vit_base,shap,blur,high,0.21603667909900345,0.3658837283651034,0.0,
d7bc00091cfc,vit_base,shap,exposure,low,0.1912857273593545,0.2334743171930313,0.0,
d7bc00091cfc,vit_base,shap,exposure,mid,0.10912300373117129,0.09460360916952293,0.0,
d7bc00091cfc,vit_base,shap,exposure,high,0.17954364667336142,0.17901961654424672,0.0,
d7bc00091cfc,vit_base,shap,noise,low,0.44006346501410004,0.7082778135935467,0.0,
d7bc00091cfc,vit_base,shap,noise,mid,0.4787687115371227,0.7120433400074643,0.0,
d7bc00091cfc,vit_base,shap,noise,high,0.4604228109121323,0.4551890055338542,0.0,
9688c6ef5dc5,vit_base,shap,clean,none,0.7176286910660565,0.8464538594086964,1.0,
9688c6ef5dc5,vit_base,shap,blur,low,0.6495202569601438,0.849207799633344,-0.21409410633605658,
9688c6ef5dc5,vit_base,shap,blur,mid,0.6226598920300603,0.7914948503176371,-0.0684339993730279,
9688c6ef5dc5,vit_base,shap,blur,high,0.43731018956750634,0.6065586219231287,-0.6827456062809059,
9688c6ef5dc5,vit_base,shap,exposure,low,0.38208674999574815,0.47715055545171103,-0.19146113627231887,
9688c6ef5dc5,vit_base,shap,exposure,mid,0.08229188484450181,0.08989336900413036,-0.5340159464530677,
9688c6ef5dc5,vit_base,shap,exposure,high,0.1913832267125447,0.18091273605823516,0.02887220015014893,
9688c6ef5dc5,vit_base,shap,noise,low,0.7537373247556388,0.8387553244829179,0.48557362863482867,
9688c6ef5dc5,vit_base,shap,noise,mid,0.6255048033470909,0.8074086616436641,0.17558047845570138,
9688c6ef5dc5,vit_base,shap,noise,high,0.2616148073847095,0.7304077595472335,0.1824797515009487,
6bf26b777e3a,vit_base,shap,clean,none,0.3323930539190769,0.446609328687191,1.0,
6bf26b777e3a,vit_base,shap,blur,low,0.31051415254672365,0.41520780622959136,0.0,
6bf26b777e3a,vit_base,shap,blur,mid,0.25269074936707814,0.30864540586868927,0.0,
6bf26b777e3a,vit_base,shap,blur,high,0.19874024242162708,0.229095397144556,0.0,
6bf26b777e3a,vit_base,shap,exposure,low,0.23996881370743117,0.2025241238375505,0.0,
6bf26b777e3a,vit_base,shap,exposure,mid,0.2499545879662037,0.2375028200447559,0.0,
6bf26b777e3a,vit_base,shap,exposure,high,0.3523037681976955,0.312186636030674,0.0,
6bf26b777e3a,vit_base,shap,noise,low,0.32876586640874533,0.4415249759952227,0.0,
6bf26b777e3a,vit_base,shap,noise,mid,0.3332071607311567,0.4497430324554443,0.0,
6bf26b777e3a,vit_base,shap,noise,high,0.46351079841454823,0.38396922548611956,0.0,
763ad1236efe,vit_base,shap,clean,none,0.1527537351474166,0.28788361897071196,1.0,
763ad1236efe,vit_base,shap,blur,low,0.1505835061271985,0.2268597284952799,0.0,
763ad1236efe,vit_base,shap,blur,mid,0.10185224805027246,0.14695909780760605,-0.11240189209769803,
763ad1236efe,vit_base,shap,blur,high,0.07232583655665319,0.06819051864246527,0.022340504425042748,
763ad1236efe,vit_base,shap,exposure,low,0.08569933014611403,0.1607418621579806,0.22125301145935128,
763ad1236efe,vit_base,shap,exposure,mid,0.08394120919207732,0.09243155345320701,0.869036202965002,
763ad1236efe,vit_base,shap,exposure,high,0.18306618829568228,0.1746486281355222,0.7759575616595423,
763ad1236efe,vit_base,shap,noise,low,0.13087704464172326,0.2564102720469236,0.6433239025231983,
763ad1236efe,vit_base,shap,noise,mid,0.07825778350234032,0.13250632161895434,0.5259079756636185,
763ad1236efe,vit_base,shap,noise,high,0.05020365572224061,0.05543217739711206,0.08811971957066154,
bf87aedf2489,vit_base,shap,clean,none,0.6967568540014327,0.8579523175954819,1.0,
bf87aedf2489,vit_base,shap,blur,low,0.6380526261404156,0.8511595080296198,0.452218738923248,
bf87aedf2489,vit_base,shap,blur,mid,0.542446238361299,0.7648709932963053,0.3848453809214341,
bf87aedf2489,vit_base,shap,blur,high,0.23312807359422244,0.3322292399903139,0.4866087195999434,
bf87aedf2489,vit_base,shap,exposure,low,0.5791120164096355,0.5686818430821101,0.6620749412049565,
bf87aedf2489,vit_base,shap,exposure,mid,0.1352805902560552,0.14818280537923176,0.5598290104390334,
bf87aedf2489,vit_base,shap,exposure,high,0.18916356563568112,0.18242371777693428,0.125382520622529,
bf87aedf2489,vit_base,shap,noise,low,0.6994927167271574,0.8312583347161611,0.39672552336396083,
bf87aedf2489,vit_base,shap,noise,mid,0.5738762347958983,0.6850350608428317,0.4505527999228406,
bf87aedf2489,vit_base,shap,noise,high,0.20639315955340862,0.2786145113408565,0.2693252310723808,
4158c340fa49,vit_base,shap,clean,none,0.7211103012164433,0.8369748830795288,1.0,
4158c340fa49,vit_base,shap,blur,low,0.580912890781959,0.8403679956992468,0.0,
4158c340fa49,vit_base,shap,blur,mid,0.5769535332918166,0.8295550545056662,0.0,
4158c340fa49,vit_base,shap,blur,high,0.5615735252698262,0.7117066651582715,0.8063207031940252,
4158c340fa49,vit_base,shap,exposure,low,0.4278604249159495,0.5763634254535038,0.0,
4158c340fa49,vit_base,shap,exposure,mid,0.25935285041729605,0.27258990233143165,0.4798354789618111,
4158c340fa49,vit_base,shap,exposure,high,0.31392864038546886,0.27596828887859975,-0.775726538891029,
4158c340fa49,vit_base,shap,noise,low,0.7023280146221321,0.8318925360838573,0.8375417524064243,
4158c340fa49,vit_base,shap,noise,mid,0.5764659009873867,0.8329482634862265,0.0,
4158c340fa49,vit_base,shap,noise,high,0.42456364482641223,0.8341493199268977,0.15918159430696557,
5264a54e1830,vit_base,shap,clean,none,0.18363541215658186,0.22993381408353647,1.0,
5264a54e1830,vit_base,shap,blur,low,0.2050001556053758,0.11735816908379396,0.0,
5264a54e1830,vit_base,shap,blur,mid,0.11619635218133527,0.08974377053479354,0.0,
5264a54e1830,vit_base,shap,blur,high,0.07618777193129063,0.076734068368872,0.0,
5264a54e1830,vit_base,shap,exposure,low,0.23595924141506353,0.14683082041641077,0.0,
5264a54e1830,vit_base,shap,exposure,mid,0.15611625363429388,0.13860949824253718,0.0,
5264a54e1830,vit_base,shap,exposure,high,0.2592215125759443,0.2366586118936539,0.0,
5264a54e1830,vit_base,shap,noise,low,0.3043552805359165,0.18549370467662812,0.0,
5264a54e1830,vit_base,shap,noise,mid,0.17599973349521558,0.2275288558254639,0.0,
5264a54e1830,vit_base,shap,noise,high,0.1841153938323259,0.11695014374951519,0.0,
8d9516ea3587,vit_base,shap,clean,none,0.6609308736088375,0.8746299306551615,1.0,
8d9516ea3587,vit_base,shap,blur,low,0.49115018481388684,0.8378190447886784,0.0,
8d9516ea3587,vit_base,shap,blur,mid,0.6417026332579552,0.8308794200420379,0.6645802930211103,
8d9516ea3587,vit_base,shap,blur,high,0.5665186700100701,0.754912742972374,0.558278653124765,
8d9516ea3587,vit_base,shap,exposure,low,0.4831118060275913,0.664969085653623,0.5859369938191862,
8d9516ea3587,vit_base,shap,exposure,mid,0.09311237260699272,0.08561292216181755,0.33624717478296073,
8d9516ea3587,vit_base,shap,exposure,high,0.18123626584808034,0.17012800996502242,0.7567207263038953,
8d9516ea3587,vit_base,shap,noise,low,0.5095437902646761,0.8407131880521773,0.0,
8d9516ea3587,vit_base,shap,noise,mid,0.6425237509422004,0.8359269221623737,0.4086316058812421,
8d9516ea3587,vit_base,shap,noise,high,0.6617581848365565,0.7183573712905248,-0.09815186066514063,
83038ca49b6d,vit_base,shap,clean,none,0.6992702951344352,0.8775025437275566,1.0,
83038ca49b6d,vit_base,shap,blur,low,0.6768809283773104,0.8724127809206644,0.9614985975977127,
83038ca49b6d,vit_base,shap,blur,mid,0.5595669161217908,0.8583189129829406,0.0,
83038ca49b6d,vit_base,shap,blur,high,0.5258117025097212,0.8288266201814016,0.0,
83038ca49b6d,vit_base,shap,exposure,low,0.46980626576890555,0.7371246804793676,0.8398803478743083,
83038ca49b6d,vit_base,shap,exposure,mid,0.11093141598006089,0.10348596932987372,0.04185642052169666,
83038ca49b6d,vit_base,shap,exposure,high,0.16251543288429582,0.15820018773277605,-0.1345353444930394,
83038ca49b6d,vit_base,shap,noise,low,0.6611521781732638,0.880076621969541,0.9764137092897517,
83038ca49b6d,vit_base,shap,noise,mid,0.5882960719677308,0.8656452347834904,-0.6005298049066282,
83038ca49b6d,vit_base,shap,noise,high,0.7245714599266648,0.8314848373333613,0.515413527067835,
8329e80c10ac,vit_base,shap,clean,none,0.6995669150725005,0.8575391034285228,1.0,
8329e80c10ac,vit_base,shap,blur,low,0.6854202701710165,0.8471286028623579,0.5819544704332248,
8329e80c10ac,vit_base,shap,blur,mid,0.5931791788587967,0.8035763194163641,-0.00772695351054392,
8329e80c10ac,vit_base,shap,blur,high,0.38081755082433427,0.7221094091733296,0.06561352412577261,
8329e80c10ac,vit_base,shap,exposure,low,0.5136543983593582,0.5875596572955449,0.29171856575369537,
8329e80c10ac,vit_base,shap,exposure,mid,0.0853415006150802,0.07546504040559132,-0.6665407722238189,
8329e80c10ac,vit_base,shap,exposure,high,0.1763349086046219,0.16517136320471762,-0.6295606956412256,
8329e80c10ac,vit_base,shap,noise,low,0.6937104319222271,0.8548882047335306,0.6749931317863973,
8329e80c10ac,vit_base,shap,noise,mid,0.7235225698600212,0.8179355829954147,0.008935381458269089,
8329e80c10ac,vit_base,shap,noise,high,0.11429187438140315,0.7549027403195697,0.06569188634631015,
9a326446c431,vit_base,attention,clean,none,0.21714336623748143,0.7029198398192723,1.0,
9a326446c431,vit_base,attention,blur,low,0.22550590485334393,0.5821704347928365,0.9726410337757112,
9a326446c431,vit_base,attention,blur,mid,0.22657057146231332,0.48399718403816216,0.9533504503114166,
9a326446c431,vit_base,attention,blur,high,0.22916127343972523,0.34099029997984576,0.9142781423434969,
9a326446c431,vit_base,attention,exposure,low,0.12781273325284323,0.25265318577488266,0.9557216507632433,
9a326446c431,vit_base,attention,exposure,mid,0.17915612533688544,0.1735472808281581,0.7307667045276383,
9a326446c431,vit_base,attention,exposure,high,0.28065043042103444,0.2690097242593765,0.5510895875610717,
9a326446c431,vit_base,attention,noise,low,0.20758144110441207,0.7059685647487641,0.9950994323546993,
9a326446c431,vit_base,attention,noise,mid,0.20965725183486938,0.6843191186587017,0.9594989888134313,
9a326446c431,vit_base,attention,noise,high,0.2494709759950638,0.7208904931942622,0.8308717865735307,
a81b06f50612,vit_base,attention,clean,none,0.19945159181952477,0.20301989962657288,1.0,
a81b06f50612,vit_base,attention,blur,low,0.19935277203718818,0.20338531136512755,0.9949444745040398,
a81b06f50612,vit_base,attention,blur,mid,0.1992597279449304,0.20404882555206613,0.9773568665513497,
a81b06f50612,vit_base,attention,blur,high,0.19911932845910393,0.2043573662638664,0.9473568637870986,
a81b06f50612,vit_base,attention,exposure,low,0.19309393242001538,0.20200643092393877,0.8941935379594297,
a81b06f50612,vit_base,attention,exposure,mid,0.17084231997529667,0.17709555526574455,0.7084891469265768,
a81b06f50612,vit_base,attention,exposure,high,0.1355861082673073,0.13998934725920356,0.34105473065904146,
a81b06f50612,vit_base,attention,noise,low,0.19929933200279867,0.2024052175382773,0.9968334079180309,
a81b06f50612,vit_base,attention,noise,mid,0.19967732727527618,0.20353260561823844,0.9779067768209831,
a81b06f50612,vit_base,attention,noise,high,0.2015956478814284,0.2011637536187967,0.9268493526312305,
d7bc00091cfc,vit_base,attention,clean,none,0.0793045217792193,0.7452153146266937,1.0,
d7bc00091cfc,vit_base,attention,blur,low,0.0739464094862342,0.7153064598639807,0.9806970572265581,
d7bc00091cfc,vit_base,attention,blur,mid,0.06763298983375234,0.6216452678044638,0.9360506407007042,
d7bc00091cfc,vit_base,attention,blur,high,0.055404672833780436,0.396389144162337,0.8993469467476432,
d7bc00091cfc,vit_base,attention,exposure,low,0.04977057538926601,0.2184407110015551,0.7683595319694183,
d7bc00091cfc,vit_base,attention,exposure,mid,0.09037120975553989,0.0974123208473126,0.7368114523520254,
d7bc00091cfc,vit_base,attention,exposure,high,0.18436851476629573,0.17775311594208085,0.7184094211472761,
d7bc00091cfc,vit_base,attention,noise,low,0.0788586540147662,0.7503853042920431,0.9930226327685608,
d7bc00091cfc,vit_base,attention,noise,mid,0.07130653510491054,0.7236534138520558,0.9527199383531256,
d7bc00091cfc,vit_base,attention,noise,high,0.06522697067509094,0.6350709403554597,0.9090613525402926,
80a02014b418,vit_base,attention,clean,none,0.28692803978919984,0.23091015095512074,1.0,
80a02014b418,vit_base,attention,blur,low,0.28771880517403287,0.25247035324573514,0.9589899014997367,
80a02014b418,vit_base,attention,blur,mid,0.2879464462399483,0.27937736262877777,0.8934615780783641,
80a02014b418,vit_base,attention,blur,high,0.28717588434616725,0.28895621597766885,0.8147966872583985,
80a02014b418,vit_base,attention,exposure,low,0.2567124858498574,0.19487364515662192,0.6849030506663254,
80a02014b418,vit_base,attention,exposure,mid,0.211512437214454,0.20280002107222875,0.6328330437452447,
80a02014b418,vit_base,attention,exposure,high,0.17018150885899866,0.1678808853030205,0.4864676920854503,
80a02014b418,vit_base,attention,noise,low,0.2875648722052574,0.21911482388774553,0.9959893941388822,
80a02014b418,vit_base,attention,noise,mid,0.2882375501096249,0.23817928433418273,0.97638647750274,
80a02014b418,vit_base,attention,noise,high,0.28814296945929524,0.23609460294246673,0.8533010591016005,
9688c6ef5dc5,vit_base,attention,clean,none,0.050095059225956605,0.8781091620524724,1.0,
9688c6ef5dc5,vit_base,attention,blur,low,0.04890393254657586,0.8680313676595687,0.9868789211456147,
9688c6ef5dc5,vit_base,attention,blur,mid,0.04751190229629477,0.829474510749181,0.9604532244363672,
9688c6ef5dc5,vit_base,attention,blur,high,0.043798234406858684,0.6739137987295785,0.9359710560379261,
9688c6ef5dc5,vit_base,attention,exposure,low,0.05189331093182165,0.5637669930855432,0.9561138933905845,
9688c6ef5dc5,vit_base,attention,exposure,mid,0.08764343721171221,0.08578064342339836,0.9054576673739697,
9688c6ef5dc5,vit_base,attention,exposure,high,0.18242115179697674,0.18282938525080683,0.8815642453634868,
9688c6ef5dc5,vit_base,attention,noise,low,0.04980199998244643,0.8753124912579855,0.994689774582277,
9688c6ef5dc5,vit_base,attention,noise,mid,0.047006354884554936,0.8503697584072748,0.9669085631364571,
9688c6ef5dc5,vit_base,attention,noise,high,0.044606447561333584,0.8041310330231984,0.9393030537879193,
1bb0ddfe753a,vit_base,attention,clean,none,0.3605307067433993,0.343540280063947,1.0,
1bb0ddfe753a,vit_base,attention,blur,low,0.36168394138415655,0.34398592213789625,0.9823560761473976,
1bb0ddfe753a,vit_base,attention,blur,mid,0.3613613123695056,0.34548134356737137,0.9660732404507816,
1bb0ddfe753a,vit_base,attention,blur,high,0.3599263817071915,0.3466513435045878,0.9446185571891588,
1bb0ddfe753a,vit_base,attention,exposure,low,0.30018902967373534,0.3070619439085325,0.9344255806405002,
1bb0ddfe753a,vit_base,attention,exposure,mid,0.2389589155713717,0.24027137632171308,0.8300107917578343,
1bb0ddfe753a,vit_base,attention,exposure,high,0.19021601503094038,0.19240600268046062,0.6878534345395995,
1bb0ddfe753a,vit_base,attention,noise,low,0.3608195712169011,0.3446018363038699,0.9888537488999308,
1bb0ddfe753a,vit_base,attention,noise,mid,0.36045464028914775,0.3459647486607234,0.9563558599403353,
1bb0ddfe753a,vit_base,attention,noise,high,0.3482193817694982,0.3296531731883685,0.904273903967637,
6bf26b777e3a,vit_base,attention,clean,none,0.19972216412425042,0.5157049035032589,1.0,
6bf26b777e3a,vit_base,attention,blur,low,0.19918744439880048,0.46903346677621205,0.9956019207552605,
6bf26b777e3a,vit_base,attention,blur,mid,0.19558509017030395,0.3470126464962959,0.9836036337729368,
6bf26b777e3a,vit_base,attention,blur,high,0.18998084217309952,0.22871456171075505,0.9539511914111358,
6bf26b777e3a,vit_base,attention,exposure,low,0.1843517164389292,0.25364449148376783,0.9505678776383082,
6bf26b777e3a,vit_base,attention,exposure,mid,0.2528942875564098,0.23898832450310384,0.9143984688493468,
6bf26b777e3a,vit_base,attention,exposure,high,0.34353601336479184,0.3267638529340426,0.86605495280693,
6bf26b777e3a,vit_base,attention,noise,low,0.19691618631283442,0.5121061399579048,0.9959651129816024,
6bf26b777e3a,vit_base,attention,noise,mid,0.19918069615960124,0.5158207853635152,0.9690385510862924,
6bf26b777e3a,vit_base,attention,noise,high,0.21122664089004198,0.5271232068538666,0.8670071711910625,
61ac9b0dc6b9,vit_base,attention,clean,none,0.3138654266794523,0.3416109189391136,1.0,
61ac9b0dc6b9,vit_base,attention,blur,low,0.31281237105528514,0.3399142786860466,0.98446842574688,
61ac9b0dc6b9,vit_base,attention,blur,mid,0.310990217824777,0.3372087011734645,0.9049701779240797,
61ac9b0dc6b9,vit_base,attention,blur,high,0.30863525172074635,0.3347150752941767,0.8760709386905577,
61ac9b0dc6b9,vit_base,attention,exposure,low,0.3019274786114693,0.3075549254814784,0.8164229771551685,
61ac9b0dc6b9,vit_base,attention,exposure,mid,0.2877206241091092,0.2953302090366682,0.70810578641805,
61ac9b0dc6b9,vit_base,attention,exposure,high,0.25414278656244277,0.2599332397182782,0.6345833103424326,
61ac9b0dc6b9,vit_base,attention,noise,low,0.31302053829034165,0.34023518065611524,0.99520289846293,
61ac9b0dc6b9,vit_base,attention,noise,mid,0.31429474701484045,0.3420601680874824,0.9740922969469734,
61ac9b0dc6b9,vit_base,attention,noise,high,0.31747276037931443,0.34568471362193426,0.9185046381427175,
b9b99dad668d,vit_base,attention,clean,none,0.407600715259711,0.38113775650660203,1.0,
b9b99dad668d,vit_base,attention,blur,low,0.4089103092749913,0.3820672959089279,0.9829989375667274,
b9b99dad668d,vit_base,attention,blur,mid,0.4083900367220243,0.383487010995547,0.9530505376653527,
b9b99dad668d,vit_base,attention,blur,high,0.40790599882602696,0.3850501358509063,0.9314853404626765,
b9b99dad668d,vit_base,attention,exposure,low,0.350747794409593,0.34542921731869386,0.9243234039534588,
b9b99dad668d,vit_base,attention,exposure,mid,0.2648139248291651,0.2626502613226573,0.8839766955350462,
b9b99dad668d,vit_base,attention,exposure,high,0.20425605326890944,0.20426218211650848,0.7992746918619156,
b9b99dad668d,vit_base,attention,noise,low,0.40791987578074135,0.3819675872723262,0.9937498355641251,
b9b99dad668d,vit_base,attention,noise,mid,0.40513068387905754,0.38306483229001365,0.9681538251919574,
b9b99dad668d,vit_base,attention,noise,high,0.3955246110757191,0.3746270045638084,0.9050832447954925,
a32886cb31ab,vit_base,attention,clean,none,0.3963714788357417,0.3664628545443217,1.0,
a32886cb31ab,vit_base,attention,blur,low,0.39735166529814403,0.3663787712653479,0.990126675122587,
a32886cb31ab,vit_base,attention,blur,mid,0.3982500518361727,0.36747304399808245,0.9610520972915992,
a32886cb31ab,vit_base,attention,blur,high,0.3981230894724528,0.3698957264423371,0.9125431624165355,
a32886cb31ab,vit_base,attention,exposure,low,0.3702218482891719,0.36018815487623224,0.8156104163878676,
a32886cb31ab,vit_base,attention,exposure,mid,0.27328792413075764,0.2706463098526001,0.7299783829539859,
a32886cb31ab,vit_base,attention,exposure,high,0.21132653976480165,0.21122314035892487,0.569437484172319,
a32886cb31ab,vit_base,attention,noise,low,0.39659499824047084,0.3677197366952897,0.9886001877873403,
a32886cb31ab,vit_base,attention,noise,mid,0.39601010481516513,0.3677419051527977,0.9391906005053663,
a32886cb31ab,vit_base,attention,noise,high,0.3888299013177553,0.36300503462553024,0.8385434162457214,
763ad1236efe,vit_base,attention,clean,none,0.0408421549325188,0.3189519584178924,1.0,
763ad1236efe,vit_base,attention,blur,low,0.03939443510025739,0.3282028709848722,0.964118536803569,
763ad1236efe,vit_base,attention,blur,mid,0.03625182081013918,0.18221185666819412,0.9291901909675633,
763ad1236efe,vit_base,attention,blur,high,0.03415669022748866,0.07806263888875645,0.9109584729474375,
763ad1236efe,vit_base,attention,exposure,low,0.04343539122492075,0.18869592174887656,0.9171262229317905,
763ad1236efe,vit_base,attention,exposure,mid,0.08125530009468396,0.09556204018493494,0.8872596781435426,
763ad1236efe,vit_base,attention,exposure,high,0.1715343348681927,0.17735155646999676,0.8512578313204252,
763ad1236efe,vit_base,attention,noise,low,0.03898970453689496,0.25632236935198305,0.9954437875634478,
763ad1236efe,vit_base,attention,noise,mid,0.034855513181537394,0.15080650448799135,0.949089114593126,
763ad1236efe,vit_base,attention,noise,high,0.031880389961103595,0.06062422500302394,0.7998271587367177,
bf87aedf2489,vit_base,attention,clean,none,0.05422640269001325,0.8947497288386027,1.0,
bf87aedf2489,vit_base,attention,blur,low,0.05083944263557593,0.8829609751701354,0.9924306226276859,
bf87aedf2489,vit_base,attention,blur,mid,0.048517708263049526,0.8189478864272435,0.9766813299344796,
bf87aedf2489,vit_base,attention,blur,high,0.04208518375332156,0.40521447683374084,0.9529889040418247,
bf87aedf2489,vit_base,attention,exposure,low,0.05515808419634899,0.7904574106136956,0.9521403428633998,
bf87aedf2489,vit_base,attention,exposure,mid,0.0861377954483032,0.20634236509601278,0.9161794722704311,
bf87aedf2489,vit_base,attention,exposure,high,0.17489187171061832,0.18674772282441457,0.9042930044609696,
bf87aedf2489,vit_base,attention,noise,low,0.05152947309737403,0.8846762379010519,0.9973983990262243,
bf87aedf2489,vit_base,attention,noise,mid,0.048194735900809374,0.8423396746317544,0.9844713536589796,
bf87aedf2489,vit_base,attention,noise,high,0.04034963436424732,0.3542589190105596,0.9155816100342481,
55092c0071eb,vit_base,attention,clean,none,0.31498840302228925,0.3364129612843196,1.0,
55092c0071eb,vit_base,attention,blur,low,0.3151128128170967,0.334768392642339,0.9813625128424814,
55092c0071eb,vit_base,attention,blur,mid,0.31376091688871377,0.33138695110877353,0.9470137524530378,
55092c0071eb,vit_base,attention,blur,high,0.3125919759273529,0.3284278064966202,0.8848186356231237,
55092c0071eb,vit_base,attention,exposure,low,0.29519981294870373,0.30442498375972116,0.9491741250998998,
55092c0071eb,vit_base,attention,exposure,mid,0.29238578677177435,0.29917693883180624,0.8763535203884627,
55092c0071eb,vit_base,attention,exposure,high,0.2640980621178945,0.26811014364163077,0.7218655458112487,
55092c0071eb,vit_base,attention,noise,low,0.315216064453125,0.336754642923673,0.9931794323340672,
55092c0071eb,vit_base,attention,noise,mid,0.3196981355547905,0.342094416419665,0.9616425454871538,
55092c0071eb,vit_base,attention,noise,high,0.3299808909495671,0.34995903372764586,0.8529362940410748,
9ed666e982cd,vit_base,attention,clean,none,0.40370090703169503,0.36525390644868216,1.0,
9ed666e982cd,vit_base,attention,blur,low,0.4039250885446866,0.3663705537716547,0.9139766059295813,
9ed666e982cd,vit_base,attention,blur,mid,0.40451416075229646,0.37093313733736677,0.8345409208715472,
9ed666e982cd,vit_base,attention,blur,high,0.4046695013840993,0.37271403272946674,0.8003307982013897,
9ed666e982cd,vit_base,attention,exposure,low,0.38183146715164185,0.35705882857243215,0.8484501992660898,
9ed666e982cd,vit_base,attention,exposure,mid,0.28251953671375907,0.27292370597521465,0.855747523784046,
9ed666e982cd,vit_base,attention,exposure,high,0.21659657607475916,0.21378042325377464,0.8152489426841122,
9ed666e982cd,vit_base,attention,noise,low,0.40371009906133015,0.3662905151645343,0.9925538133412735,
9ed666e982cd,vit_base,attention,noise,mid,0.40149609247843426,0.3663004497687022,0.9406168260569159,
9ed666e982cd,vit_base,attention,noise,high,0.3937341898679732,0.3651083355148633,0.8914549070386868,
4158c340fa49,vit_base,attention,clean,none,0.2044833940764268,0.8353275616963706,1.0,
4158c340fa49,vit_base,attention,blur,low,0.20400634532173473,0.8432587961355845,0.994033610785201,
4158c340fa49,vit_base,attention,blur,mid,0.2041230042775472,0.8390607684850693,0.985515667841081,
4158c340fa49,vit_base,attention,blur,high,0.2030427632232507,0.7676433434089025,0.9662528836837866,
4158c340fa49,vit_base,attention,exposure,low,0.15428120667735734,0.6734756847222646,0.9542520692851649,
4158c340fa49,vit_base,attention,exposure,mid,0.20845181668798127,0.3078886575996876,0.8046291728069753,
4158c340fa49,vit_base,attention,exposure,high,0.307344984014829,0.28849203487237296,0.7301687778981659,
4158c340fa49,vit_base,attention,noise,low,0.19771170193950335,0.8344674994548161,0.9963510985918367,
4158c340fa49,vit_base,attention,noise,mid,0.19965400099754338,0.8304897576570511,0.9640104275963725,
4158c340fa49,vit_base,attention,noise,high,0.24181338126460708,0.8306159635384877,0.922605078517772,
5264a54e1830,vit_base,attention,clean,none,0.05401759520173074,0.2885010010252396,1.0,
5264a54e1830,vit_base,attention,blur,low,0.0524990454937021,0.20334030923744043,0.9921931827304094,
5264a54e1830,vit_base,attention,blur,mid,0.05123082815359035,0.09634884670376778,0.9734960837176725,
5264a54e1830,vit_base,attention,blur,high,0.051739909934500845,0.07454156577587129,0.9527508293119025,
5264a54e1830,vit_base,attention,exposure,low,0.08383588753640651,0.2868579880644878,0.9668625649200531,
5264a54e1830,vit_base,attention,exposure,mid,0.14915596321225166,0.1443125401933988,0.9183620910061591,
5264a54e1830,vit_base,attention,exposure,high,0.2674334426720937,0.2499792734781901,0.8566030642270884,
5264a54e1830,vit_base,attention,noise,low,0.05576994735747575,0.35940177142620083,0.9943186616780145,
5264a54e1830,vit_base,attention,noise,mid,0.05467930417507887,0.28505314178764823,0.9668011110374469,
5264a54e1830,vit_base,attention,noise,high,0.05588829169670741,0.22345051231483617,0.9252398208442993,
8d9516ea3587,vit_base,attention,clean,none,0.07347817197442054,0.884093486269315,1.0,
8d9516ea3587,vit_base,attention,blur,low,0.08068484822288155,0.872448750336965,0.9843007600472533,
8d9516ea3587,vit_base,attention,blur,mid,0.07495655240491032,0.8381658206383388,0.9509420191110047,
8d9516ea3587,vit_base,attention,blur,high,0.06548882375160854,0.7605375895897548,0.924961758161606,
8d9516ea3587,vit_base,attention,exposure,low,0.0564208870753646,0.7203902482986452,0.948372542371044,
8d9516ea3587,vit_base,attention,exposure,mid,0.08463649414479733,0.08645606550077596,0.8683157171998169,
8d9516ea3587,vit_base,attention,exposure,high,0.17722820341587067,0.1732041463255882,0.8109743632115299,
8d9516ea3587,vit_base,attention,noise,low,0.07718321072558562,0.8803618858257929,0.9948221137420791,
8d9516ea3587,vit_base,attention,noise,mid,0.0622848303988576,0.8550902316967647,0.967448778750759,
8d9516ea3587,vit_base,attention,noise,high,0.05879025695224603,0.812383355696996,0.9125056258664724,
83038ca49b6d,vit_base,attention,clean,none,0.16827345173805955,0.8941429575284321,1.0,
83038ca49b6d,vit_base,attention,blur,low,0.16879149423912168,0.8859089016914367,0.9911371495181176,
83038ca49b6d,vit_base,attention,blur,mid,0.1649044845253229,0.8684951454401018,0.9664327724672392,
83038ca49b6d,vit_base,attention,blur,high,0.13507425192122655,0.8373705665270488,0.9438126017375176,
83038ca49b6d,vit_base,attention,exposure,low,0.05578463952988386,0.7573139409224193,0.9477558383088731,
83038ca49b6d,vit_base,attention,exposure,mid,0.07751079425215722,0.1065293797602256,0.8068961683264471,
83038ca49b6d,vit_base,attention,exposure,high,0.16426948706309003,0.15853796104590095,0.6409494328257467,
83038ca49b6d,vit_base,attention,noise,low,0.1623428892654677,0.8913706103960674,0.9957246769523945,
83038ca49b6d,vit_base,attention,noise,mid,0.16577090217421453,0.883649018406868,0.9616634040092105,
83038ca49b6d,vit_base,attention,noise,high,0.12984303090100488,0.8518341183662415,0.9023791876617475,
1e143fa3de57,vit_base,attention,clean,none,0.31685146391391755,0.3519014825423558,1.0,
1e143fa3de57,vit_base,attention,blur,low,0.3152228658397992,0.3466404636700948,0.9684059179732837,
1e143fa3de57,vit_base,attention,blur,mid,0.3142903129259745,0.34347046961386996,0.9522779428140659,
1e143fa3de57,vit_base,attention,blur,high,0.31301141530275345,0.3395300149917602,0.9247725624908661,
1e143fa3de57,vit_base,attention,exposure,low,0.30677758206923805,0.31720278362433113,0.9608914186890953,
1e143fa3de57,vit_base,attention,exposure,mid,0.29156839499870935,0.2962275425593058,0.8908306007416108,
1e143fa3de57,vit_base,attention,exposure,high,0.2586574018001556,0.26249519189198806,0.788182524084233,
1e143fa3de57,vit_base,attention,noise,low,0.31653825094302496,0.35078405390183137,0.9956566052333521,
1e143fa3de57,vit_base,attention,noise,mid,0.3182140683134397,0.3528057590126991,0.9717235067335321,
1e143fa3de57,vit_base,attention,noise,high,0.32364880392948786,0.354901218911012,0.8565434855987151,
8329e80c10ac,vit_base,attention,clean,none,0.12408965630456804,0.8793213129043579,1.0,
8329e80c10ac,vit_base,attention,blur,low,0.1181836899369955,0.8704632341861726,0.9789589530167047,
8329e80c10ac,vit_base,attention,blur,mid,0.09006520109251141,0.8277131458123524,0.9498447351467015,
8329e80c10ac,vit_base,attention,blur,high,0.07212513495857517,0.739985817670822,0.9322224870268208,
8329e80c10ac,vit_base,attention,exposure,low,0.0556330323840181,0.7064586857954661,0.9182479663480517,
8329e80c10ac,vit_base,attention,exposure,mid,0.07837586924433707,0.07610472527643045,0.8443673475068297,
8329e80c10ac,vit_base,attention,exposure,high,0.16868293533722556,0.16597487106919293,0.8181318218981635,
8329e80c10ac,vit_base,attention,noise,low,0.11784294558068116,0.8698400179545084,0.9942450967120361,
8329e80c10ac,vit_base,attention,noise,mid,0.09651223504915835,0.8553457498550414,0.9532346917852121,
8329e80c10ac,vit_base,attention,noise,high,0.07070398659755783,0.7861235817273456,0.9269192607349299,
