model,degradation,level,variant,n,accuracy,balanced_acc,f1_macro,kappa_qw,acc_ci_lo,acc_ci_hi,kappa_ci_lo,kappa_ci_hi,recall_c0,recall_c1,recall_c2,recall_c3,recall_c4
resnet50,blur,low,raw,440,0.6636363636363637,0.3906021251475797,0.3806972787869641,0.6496455358060207,0.6204545454545455,0.7068181818181818,0.5758544447701397,0.7173552872661866,1.0,0.0,0.49586776859504134,0.0,0.45714285714285713
resnet50,blur,low,clahe,440,0.6659090909090909,0.4004929969752104,0.4151779448621554,0.5907211759301791,0.6249431818181819,0.7068181818181818,0.5086224846354214,0.6590318989618921,0.9907407407407407,0.0,0.5371900826446281,0.21739130434782608,0.2571428571428571
resnet50,blur,low,genai,440,0.6613636363636364,0.355188246097337,0.34542390942390944,0.6019454667341606,0.6203977272727274,0.7,0.532962149132015,0.6703869657977127,1.0,0.022222222222222223,0.5537190082644629,0.0,0.2
resnet50,blur,low,cold_diff,440,0.6613636363636364,0.36629239886156884,0.3714023724195924,0.5808972263016432,0.6204545454545455,0.7046022727272727,0.5038624400495967,0.6537287808461915,1.0,0.022222222222222223,0.5371900826446281,0.043478260869565216,0.22857142857142856
resnet50,blur,low,swinir_gan,440,0.6022727272727273,0.34033254624163717,0.31721542371889466,0.5386041067160903,0.559034090909091,0.6477272727272727,0.4550524403136016,0.6137620076349418,0.9583333333333334,0.0,0.371900826446281,0.0,0.37142857142857144
resnet50,blur,low,ddpm,440,0.12954545454545455,0.245745769382133,0.10883771929824562,0.030568066250181603,0.09772727272727273,0.16136363636363638,-0.011377861554343704,0.07334041486946781,0.0,0.3333333333333333,0.12396694214876033,0.0,0.7714285714285715
resnet50,blur,low,ddpm_path,440,0.5636363636363636,0.2691381345926801,0.24733205593453747,0.31268840778295415,0.5181818181818182,0.6090909090909091,0.23690192263854173,0.39108407463365213,1.0,0.0,0.23140495867768596,0.0,0.11428571428571428
resnet50,blur,mid,raw,440,0.5909090909090909,0.308199784405318,0.29772969119230613,0.44902095812273424,0.5431818181818182,0.634090909090909,0.36319438062974935,0.5191734021963583,1.0,0.0,0.2975206611570248,0.043478260869565216,0.2
resnet50,blur,mid,clahe,440,0.6022727272727273,0.34386207263677615,0.3303205134457133,0.4446491278567727,0.5567613636363636,0.6455113636363636,0.3543410844681881,0.5290201402855667,0.8703703703703703,0.0,0.5619834710743802,0.08695652173913043,0.2
resnet50,blur,mid,genai,440,0.5477272727272727,0.25648785996612083,0.2332454009142261,0.23801500995558278,0.4999431818181818,0.5886363636363636,0.17177065660738194,0.3107076034427617,1.0,0.0,0.18181818181818182,0.043478260869565216,0.05714285714285714
resnet50,blur,mid,cold_diff,440,0.5454545454545454,0.2739884065575765,0.25190491214709243,0.30147513034024354,0.49772727272727274,0.5886363636363636,0.22171261509900073,0.382328253406594,0.9814814814814815,0.0,0.17355371900826447,0.043478260869565216,0.17142857142857143
resnet50,blur,mid,swinir_gan,440,0.55,0.2853434780707508,0.25662140671461015,0.4083729043511968,0.5,0.5954545454545455,0.3260857249763113,0.4968096031297772,0.9629629629629629,0.0,0.2066115702479339,0.0,0.2571428571428571
resnet50,blur,mid,ddpm,440,0.11363636363636363,0.19991079627443264,0.0960234873162874,-0.003562876000233528,0.08863636363636364,0.1431818181818182,-0.04564867658376222,0.042236060300709366,0.0,0.2222222222222222,0.1487603305785124,0.0,0.6285714285714286
resnet50,blur,mid,ddpm_path,440,0.5113636363636364,0.23518299881936242,0.18538676236044657,0.2061057184529499,0.4636363636363636,0.5568181818181818,0.13353996555135403,0.2848907543587614,1.0,0.0,0.03305785123966942,0.0,0.14285714285714285
resnet50,blur,high,raw,440,0.5272727272727272,0.2548760330578512,0.21585733995259604,0.23874467653619957,0.4818181818181818,0.5704545454545454,0.15677669520088258,0.32060113996987505,1.0,0.0,0.0743801652892562,0.0,0.2
resnet50,blur,high,clahe,440,0.46136363636363636,0.26808539944903587,0.21881368162794054,0.2510337589011844,0.41818181818181815,0.5045454545454545,0.16368792509819888,0.34153358826681657,0.7916666666666666,0.0,0.1487603305785124,0.0,0.4
resnet50,blur,high,genai,440,0.5113636363636364,0.23590996545541998,0.19289413118527043,0.17171291664472654,0.4659090909090909,0.5545454545454546,0.09171336275944272,0.25411214760831147,0.9953703703703703,0.0,0.04132231404958678,0.0,0.14285714285714285
resnet50,blur,high,cold_diff,440,0.4659090909090909,0.21666448030084395,0.16695791808010466,0.09099417522765063,0.42045454545454547,0.5113636363636364,0.0020292382129351253,0.17829178653907765,0.9074074074074074,0.0,0.03305785123966942,0.0,0.14285714285714285
resnet50,blur,high,swinir_gan,440,0.5022727272727273,0.2544516594516595,0.21616483273954032,0.2002523903182163,0.45454545454545453,0.5477272727272727,0.11177483909192173,0.2884958989299429,0.9305555555555556,0.022222222222222223,0.09090909090909091,0.0,0.22857142857142856
resnet50,blur,high,ddpm,440,0.11136363636363636,0.21704315886134068,0.08676110106489854,0.05193090808370726,0.08181818181818182,0.1409090909090909,0.008644166780258635,0.09502639313930736,0.0,0.17777777777777778,0.10743801652892562,0.0,0.8
resnet50,blur,high,ddpm_path,440,0.47045454545454546,0.2019703528794438,0.14686431378553566,0.06145169915892856,0.425,0.5136363636363637,-0.012105425418042114,0.1429574296823926,0.9444444444444444,0.0,0.008264462809917356,0.0,0.05714285714285714
resnet50,exposure,low,raw,440,0.7522727272727273,0.4884394481232426,0.502544946187325,0.8067664281067013,0.7136363636363636,0.7909090909090909,0.7569305995847685,0.8483133859689503,1.0,0.08888888888888889,0.7520661157024794,0.08695652173913043,0.5142857142857142
resnet50,exposure,low,clahe,440,0.7272727272727273,0.46270428736831903,0.490752703389461,0.7004855540950183,0.6886363636363636,0.7681818181818182,0.6322843861625753,0.7695457205048084,1.0,0.022222222222222223,0.7024793388429752,0.21739130434782608,0.37142857142857144
resnet50,exposure,low,genai,440,0.6613636363636364,0.3853295233532387,0.39324590997227143,0.6333818278005556,0.6181818181818182,0.7023295454545454,0.5647342243473001,0.7017905460445745,1.0,0.044444444444444446,0.49586776859504134,0.043478260869565216,0.34285714285714286
resnet50,exposure,low,cold_diff,440,0.6636363636363637,0.3771481044208317,0.3782046681486186,0.6136075008781647,0.6204545454545455,0.7068749999999999,0.5368895234503263,0.6867530352277613,1.0,0.022222222222222223,0.5206611570247934,0.0,0.34285714285714286
resnet50,exposure,low,swinir_gan,440,0.5431818181818182,0.36093379684288773,0.2895612272738547,0.48158346302725563,0.49772727272727274,0.5886363636363636,0.4119437246403499,0.5465668293168076,0.8379629629629629,0.0,0.2809917355371901,0.0,0.6857142857142857
resnet50,exposure,low,ddpm,440,0.08636363636363636,0.1671649394376667,0.06966284830020464,-0.025406811445163546,0.06136363636363636,0.1159090909090909,-0.07980393408687772,0.023622475866760206,0.004629629629629629,0.2222222222222222,0.06611570247933884,0.0,0.5428571428571428
resnet50,exposure,low,ddpm_path,440,0.6068181818181818,0.3073960383051292,0.2961944843310655,0.4723325903672836,0.5635795454545455,0.65,0.3932508043686445,0.545149377167604,1.0,0.022222222222222223,0.371900826446281,0.0,0.14285714285714285
resnet50,exposure,mid,raw,440,0.7181818181818181,0.46491590096333174,0.4822188626646831,0.7435335943940643,0.6795454545454546,0.759090909090909,0.6803755775592077,0.7989725635734682,1.0,0.06666666666666667,0.628099173553719,0.08695652173913043,0.5428571428571428
resnet50,exposure,mid,clahe,440,0.6795454545454546,0.42628201837687996,0.4499965385946695,0.6288449466415569,0.6363636363636364,0.7227272727272728,0.5526225439866493,0.7060024184353879,1.0,0.0,0.5289256198347108,0.17391304347826086,0.42857142857142855
resnet50,exposure,mid,genai,440,0.6090909090909091,0.33620884166338716,0.3376427689868105,0.49554718387667895,0.5636363636363636,0.65,0.4053571598974745,0.5761212322739764,1.0,0.044444444444444446,0.32231404958677684,0.0,0.3142857142857143
resnet50,exposure,mid,cold_diff,440,0.6590909090909091,0.375112160566706,0.37300341191776015,0.6201210044439684,0.615909090909091,0.7,0.5394261161546129,0.6953520731216312,1.0,0.0,0.5041322314049587,0.0,0.37142857142857144
resnet50,exposure,mid,swinir_gan,440,0.6113636363636363,0.41295378022650747,0.32982133271988345,0.6511115816218505,0.5659090909090909,0.6522727272727272,0.5962086680258251,0.7043366966314948,0.9259259259259259,0.0,0.33884297520661155,0.0,0.8
resnet50,exposure,mid,ddpm,440,0.10681818181818181,0.2104315886134068,0.0878895399525557,7.370464093559015e-05,0.07954545454545454,0.13636363636363635,-0.05059521688240608,0.04761135413707071,0.0,0.37777777777777777,0.0743801652892562,0.0,0.6
resnet50,exposure,mid,ddpm_path,440,0.6045454545454545,0.31792732520005246,0.3115046300656057,0.45543103103636684,0.5613636363636364,0.6454545454545455,0.3673032063609875,0.5367097455614653,1.0,0.022222222222222223,0.33884297520661155,0.0,0.22857142857142856
resnet50,exposure,high,raw,440,0.625,0.37398101093753267,0.37576091648001875,0.5090510148107515,0.5795454545454546,0.6704545454545454,0.4186660689644588,0.5934922532171297,0.9907407407407407,0.0,0.36363636363636365,0.08695652173913043,0.42857142857142855
resnet50,exposure,high,clahe,440,0.6545454545454545,0.44046519210550833,0.41239340139511416,0.5897065516354355,0.6068181818181818,0.6977272727272728,0.5139120023780537,0.6617612344958823,0.9490740740740741,0.0,0.4793388429752066,0.17391304347826086,0.6
resnet50,exposure,high,genai,440,0.5568181818181818,0.28739428921247107,0.2661946994901017,0.3588073804507438,0.509090909090909,0.6045454545454545,0.2691731850641952,0.4382037493852049,0.9814814814814815,0.0,0.19834710743801653,0.0,0.2571428571428571
resnet50,exposure,high,cold_diff,440,0.615909090909091,0.33595832216385574,0.33180396415672386,0.5033190930003286,0.5704545454545454,0.6590909090909091,0.4177265437964602,0.5825536504784854,0.9907407407407407,0.0,0.3884297520661157,0.043478260869565216,0.2571428571428571
resnet50,exposure,high,swinir_gan,440,0.5909090909090909,0.33941124970769243,0.3177946427394437,0.46550229158924805,0.5454545454545454,0.6363636363636364,0.3776039240333072,0.5487380803156843,0.9305555555555556,0.0,0.38016528925619836,0.043478260869565216,0.34285714285714286
resnet50,exposure,high,ddpm,440,0.1,0.20623901351174076,0.07818320310580372,0.01108715737603927,0.07045454545454545,0.12954545454545455,-0.031960573756088954,0.05437573579185116,0.0,0.2222222222222222,0.06611570247933884,0.0,0.7428571428571429
resnet50,exposure,high,ddpm_path,440,0.5568181818181818,0.29352026761117667,0.2701534351061395,0.36676735664058646,0.5135795454545455,0.6045454545454545,0.28117374306476617,0.4550367745058716,0.9861111111111112,0.022222222222222223,0.17355371900826447,0.0,0.2857142857142857
resnet50,noise,low,raw,440,0.75,0.487866582253934,0.4972501090258631,0.8127763358679065,0.7090909090909091,0.7863636363636364,0.7661978361722674,0.8529952885981731,1.0,0.08888888888888889,0.7355371900826446,0.043478260869565216,0.5714285714285714
resnet50,noise,low,clahe,440,0.7318181818181818,0.47098252428291953,0.4916884541400113,0.7455991964899297,0.6908522727272728,0.7704545454545455,0.6843399159890625,0.7965234487475898,0.9861111111111112,0.044444444444444446,0.7355371900826446,0.21739130434782608,0.37142857142857144
resnet50,noise,low,genai,440,0.6681818181818182,0.3804538895447986,0.3788137675332798,0.6253195390607225,0.6227272727272727,0.7091477272727272,0.5488798562824331,0.6960726240706622,1.0,0.022222222222222223,0.5371900826446281,0.0,0.34285714285714286
resnet50,noise,low,cold_diff,440,0.6295454545454545,0.36721001659736835,0.35414148323177047,0.5360558918507422,0.584034090909091,0.6704545454545454,0.44930024957247816,0.6108570498590036,0.9583333333333334,0.0,0.4628099173553719,0.043478260869565216,0.37142857142857144
resnet50,noise,low,swinir_gan,440,0.6431818181818182,0.39221941797040605,0.36761830380165245,0.5602001933685947,0.5977272727272728,0.6840909090909091,0.46854463631668436,0.6391203030697147,0.9398148148148148,0.0,0.5206611570247934,0.043478260869565216,0.45714285714285713
resnet50,noise,low,ddpm,440,0.11136363636363636,0.21069395251213435,0.09152193502576216,0.020773558192274555,0.08181818181818182,0.1409090909090909,-0.0381122261934599,0.07363582746947804,0.0,0.28888888888888886,0.10743801652892562,0.0,0.6571428571428571
resnet50,noise,low,ddpm_path,440,0.5886363636363636,0.2982342909615637,0.29078057387371176,0.40802943943334613,0.5408522727272728,0.6318181818181818,0.32018524464490666,0.4847025713515914,1.0,0.022222222222222223,0.2975206611570248,0.0,0.17142857142857143
resnet50,noise,mid,raw,440,0.7090909090909091,0.4534175084175084,0.40503024861001513,0.6743510659852766,0.6681818181818182,0.7522727272727273,0.6022432821064355,0.7450403445270142,0.9398148148148148,0.0,0.7272727272727273,0.0,0.6
resnet50,noise,mid,clahe,440,0.6522727272727272,0.43817052512704685,0.4027560032630803,0.48315923671656513,0.6113636363636363,0.6977272727272728,0.4011842320883412,0.5658503152827337,0.7777777777777778,0.022222222222222223,0.8181818181818182,0.08695652173913043,0.4857142857142857
resnet50,noise,mid,genai,440,0.634090909090909,0.34347632165813985,0.3421436509329122,0.5187416059582435,0.5909090909090909,0.6772727272727272,0.4380664487356227,0.5956522281033166,1.0,0.022222222222222223,0.4380165289256198,0.0,0.2571428571428571
resnet50,noise,mid,cold_diff,440,0.17045454545454544,0.23715863700053424,0.1338647355931589,-0.00454681481624486,0.1340909090909091,0.20909090909090908,-0.029130367539771173,0.02215170040631496,0.07407407407407407,0.0,0.2396694214876033,0.043478260869565216,0.8285714285714286
resnet50,noise,mid,swinir_gan,440,0.6272727272727273,0.41694940179129897,0.3706164286022665,0.564365421505332,0.5840909090909091,0.6704545454545454,0.48267997884933306,0.6396662944509992,0.8379629629629629,0.0,0.6033057851239669,0.043478260869565216,0.6
resnet50,noise,mid,ddpm,440,0.09318181818181819,0.17868555686737503,0.0798041673902545,-0.029957653040012744,0.0659090909090909,0.12045454545454545,-0.07823384492613375,0.018666683668335803,0.0,0.3333333333333333,0.0743801652892562,0.0,0.4857142857142857
resnet50,noise,mid,ddpm_path,440,0.5681818181818182,0.28075079802352526,0.2665150966172171,0.29508152394343357,0.5227272727272727,0.6090909090909091,0.21068252944642124,0.3791867515023522,0.9907407407407407,0.022222222222222223,0.24793388429752067,0.0,0.14285714285714285
resnet50,noise,high,raw,440,0.2318181818181818,0.27153570335388516,0.16535424842353058,-0.006704508061862402,0.19318181818181818,0.27045454545454545,-0.04116069583439492,0.026028694024274414,0.12037037037037036,0.0,0.38016528925619836,0.0,0.8571428571428571
resnet50,noise,high,clahe,440,0.2727272727272727,0.26588875770693954,0.17983736489963972,-0.034537158390369305,0.2340909090909091,0.31363636363636366,-0.0778872978069367,0.0075870753892297565,0.1388888888888889,0.0,0.5619834710743802,0.0,0.6285714285714286
resnet50,noise,high,genai,440,0.5659090909090909,0.2778337867665931,0.2635288138243803,0.3361049494440891,0.5227272727272727,0.6113636363636363,0.2584712537496352,0.41344740803331514,1.0,0.0,0.23140495867768596,0.043478260869565216,0.11428571428571428
resnet50,noise,high,cold_diff,440,0.08181818181818182,0.2135783584004928,0.05267040171883054,0.0008644159177290112,0.05909090909090909,0.10909090909090909,-0.0081516813409459,0.00997020478905817,0.0,0.0,0.008264462809917356,0.17391304347826086,0.8857142857142857
resnet50,noise,high,swinir_gan,440,0.20909090909090908,0.24743670470943196,0.14304205882689505,0.06529516994633267,0.17045454545454544,0.24772727272727274,0.032317367903558936,0.09939716258127404,0.19444444444444445,0.0,0.15702479338842976,0.0,0.8857142857142857
resnet50,noise,high,ddpm,440,0.12045454545454545,0.2431955922865014,0.09772479050001985,0.02288182687955831,0.09090909090909091,0.15,-0.0212343143244787,0.06796693798461274,0.0,0.3333333333333333,0.08264462809917356,0.0,0.8
resnet50,noise,high,ddpm_path,440,0.5772727272727273,0.3407612925794744,0.30310255879487413,0.4331575108611777,0.5340909090909091,0.6205113636363636,0.3462079278941793,0.5185802370180003,0.9351851851851852,0.022222222222222223,0.2892561983471074,0.0,0.45714285714285713
efficientnet_b3,blur,low,raw,440,0.05,0.19130434782608696,0.02,0.04169146333399465,0.031818181818181815,0.07272727272727272,0.021905055970499326,0.06321909867736876,0.0,0.0,0.0,0.9565217391304348,0.0
efficientnet_b3,blur,low,clahe,440,0.05227272727272727,0.2,0.019913419913419914,0.0019807041083637067,0.03409090909090909,0.07272727272727272,0.0,0.007126058554671753,0.0,0.0,0.0,1.0,0.0
efficientnet_b3,blur,low,genai,440,0.056818181818181816,0.2088888888888889,0.03666666666666667,0.002435429084150509,0.03636363636363636,0.07954545454545454,0.0,0.006848397613359466,0.0,0.044444444444444446,0.0,1.0,0.0
efficientnet_b3,blur,low,cold_diff,440,0.05227272727272727,0.2,0.02072072072072072,0.03147381562520524,0.03409090909090909,0.07272727272727272,0.01148737983771628,0.05206146029053856,0.0,0.0,0.0,1.0,0.0
efficientnet_b3,blur,low,swinir_gan,440,0.05454545454545454,0.20444444444444443,0.028087336244541482,0.008196721311475419,0.03636363636363636,0.07727272727272727,0.0018796944716255649,0.016953706004996568,0.0,0.022222222222222223,0.0,1.0,0.0
efficientnet_b3,blur,low,ddpm,440,0.05227272727272727,0.2,0.019870410367170625,0.0,0.03409090909090909,0.07272727272727272,0.0,0.0,0.0,0.0,0.0,1.0,0.0
efficientnet_b3,blur,low,ddpm_path,440,0.05227272727272727,0.2,0.019913419913419914,0.0019807041083637067,0.03409090909090909,0.07272727272727272,0.0,0.007126058554671753,0.0,0.0,0.0,1.0,0.0
efficientnet_b3,blur,mid,raw,440,0.05454545454545454,0.20019323671497585,0.03375474083438686,0.009635974304068484,0.03409090909090909,0.07727272727272727,-0.003107330304681682,0.02232611709720396,0.0,0.044444444444444446,0.0,0.9565217391304348,0.0
efficientnet_b3,blur,mid,clahe,440,0.05227272727272727,0.2,0.02,0.005960392232262968,0.03409090909090909,0.07272727272727272,0.0,0.014000446192080159,0.0,0.0,0.0,1.0,0.0
efficientnet_b3,blur,mid,genai,440,0.05909090909090909,0.21333333333333332,0.043660702793152276,-0.00041851780310353526,0.038636363636363635,0.08181818181818182,-0.012863635539243606,0.008605610546884107,0.0,0.06666666666666667,0.0,1.0,0.0
efficientnet_b3,blur,mid,cold_diff,440,0.05227272727272727,0.2,0.02017543859649123,-0.0001934610176048679,0.03409090909090909,0.07272727272727272,-0.014511487915306164,0.012083105980718491,0.0,0.0,0.0,1.0,0.0
efficientnet_b3,blur,mid,swinir_gan,440,0.05227272727272727,0.2,0.019913419913419914,0.0019807041083637067,0.03409090909090909,0.07272727272727272,0.0,0.006595613583660885,0.0,0.0,0.0,1.0,0.0
efficientnet_b3,blur,mid,ddpm,440,0.05227272727272727,0.2,0.019870410367170625,0.0,0.03409090909090909,0.07272727272727272,0.0,0.0,0.0,0.0,0.0,1.0,0.0
efficientnet_b3,blur,mid,ddpm_path,440,0.05227272727272727,0.2,0.019870410367170625,0.0,0.03409090909090909,0.07272727272727272,0.0,0.0,0.0,0.0,0.0,1.0,0.0
efficientnet_b3,blur,high,raw,440,0.05909090909090909,0.20908212560386472,0.03929341742430448,-0.0031022022226767643,0.038636363636363635,0.07954545454545454,-0.03532548370386007,0.024081587368629795,0.0,0.08888888888888889,0.0,0.9565217391304348,0.0
efficientnet_b3,blur,high,clahe,440,0.05227272727272727,0.2,0.019870410367170625,0.0,0.03409090909090909,0.07272727272727272,0.0,0.0,0.0,0.0,0.0,1.0,0.0
efficientnet_b3,blur,high,genai,440,0.05454545454545454,0.20444444444444443,0.028087336244541482,-0.0024108003857281624,0.03636363636363636,0.075,-0.016270234381635617,0.007572845397589352,0.0,0.022222222222222223,0.0,1.0,0.0
efficientnet_b3,blur,high,cold_diff,440,0.05,0.19130434782608696,0.019775280898876403,0.013153578691858514,0.031818181818181815,0.07045454545454545,-0.0054834056481803005,0.030922852911998384,0.0,0.0,0.0,0.9565217391304348,0.0
efficientnet_b3,blur,high,swinir_gan,440,0.05227272727272727,0.2,0.019956616052060738,0.003967492161003339,0.03409090909090909,0.07272727272727272,0.0,0.009811068466454203,0.0,0.0,0.0,1.0,0.0
efficientnet_b3,blur,high,ddpm,440,0.05227272727272727,0.2,0.019870410367170625,0.0,0.03409090909090909,0.07272727272727272,0.0,0.0,0.0,0.0,0.0,1.0,0.0
efficientnet_b3,blur,high,ddpm_path,440,0.05227272727272727,0.2,0.019870410367170625,0.0,0.03409090909090909,0.07272727272727272,0.0,0.0,0.0,0.0,0.0,1.0,0.0
efficientnet_b3,exposure,low,raw,440,0.05227272727272727,0.2,0.019956616052060738,0.003967492161003339,0.03409090909090909,0.07278409090909085,0.0,0.010413997639611565,0.0,0.0,0.0,1.0,0.0
efficientnet_b3,exposure,low,clahe,440,0.06136363636363636,0.19945249597423512,0.03312414283978265,-0.032181571815718124,0.04090909090909091,0.08409090909090909,-0.07051599129750274,0.0017158805337038278,0.018518518518518517,0.022222222222222223,0.0,0.9565217391304348,0.0
efficientnet_b3,exposure,low,genai,440,0.05227272727272727,0.2,0.02013129102844639,0.0119760479041916,0.03409090909090909,0.07278409090909085,0.003710579802967634,0.02212079822429726,0.0,0.0,0.0,1.0,0.0
efficientnet_b3,exposure,low,cold_diff,440,0.05227272727272727,0.2,0.020353982300884955,0.01498929336188437,0.03409090909090909,0.07278409090909085,-0.0014037185918438495,0.03223430039396536,0.0,0.0,0.0,1.0,0.0
efficientnet_b3,exposure,low,swinir_gan,440,0.05227272727272727,0.2,0.020043572984749455,0.0008986456126837128,0.03409090909090909,0.07278409090909085,-0.013192827703935173,0.012291189052620052,0.0,0.0,0.0,1.0,0.0
efficientnet_b3,exposure,low,ddpm,440,0.05227272727272727,0.2,0.019870410367170625,0.0,0.03409090909090909,0.07278409090909085,0.0,0.0,0.0,0.0,0.0,1.0,0.0
efficientnet_b3,exposure,low,ddpm_path,440,0.05227272727272727,0.2,0.019956616052060738,0.003967492161003339,0.03409090909090909,0.07278409090909085,0.0,0.01150488774350408,0.0,0.0,0.0,1.0,0.0
efficientnet_b3,exposure,mid,raw,440,0.05227272727272727,0.2,0.019956616052060738,0.003967492161003339,0.03409090909090909,0.075,0.0,0.010095984108934107,0.0,0.0,0.0,1.0,0.0
efficientnet_b3,exposure,mid,clahe,440,0.045454545454545456,0.17391304347826086,0.017937219730941704,0.011102377677343234,0.02727272727272727,0.06596590909090903,-0.007332724409194685,0.029058120342782816,0.0,0.0,0.0,0.8695652173913043,0.0
efficientnet_b3,exposure,mid,genai,440,0.06136363636363636,0.21074074074074076,0.0376308607945585,0.029311219065377925,0.04090909090909091,0.08409090909090909,0.013551999665266901,0.04703129313248126,0.009259259259259259,0.044444444444444446,0.0,1.0,0.0
efficientnet_b3,exposure,mid,cold_diff,440,0.05227272727272727,0.2,0.019913419913419914,0.0019807041083637067,0.03409090909090909,0.075,0.0,0.007118016754912123,0.0,0.0,0.0,1.0,0.0
efficientnet_b3,exposure,mid,swinir_gan,440,0.05454545454545454,0.19667471819645735,0.028196785533871484,0.01905275456097788,0.03630681818181818,0.07727272727272727,0.0013524763744648756,0.037298418483141915,0.004629629629629629,0.022222222222222223,0.0,0.9565217391304348,0.0
efficientnet_b3,exposure,mid,ddpm,440,0.05227272727272727,0.2,0.019870410367170625,0.0,0.03409090909090909,0.075,0.0,0.0,0.0,0.0,0.0,1.0,0.0
efficientnet_b3,exposure,mid,ddpm_path,440,0.05227272727272727,0.2,0.019913419913419914,0.0019807041083637067,0.03409090909090909,0.075,0.0,0.006713241509762341,0.0,0.0,0.0,1.0,0.0
efficientnet_b3,exposure,high,raw,440,0.056818181818181816,0.20537037037037037,0.02955977615238457,0.019295987826692063,0.03636363636363636,0.07727272727272727,0.007047413729571114,0.032695849189950284,0.004629629629629629,0.022222222222222223,0.0,1.0,0.0
efficientnet_b3,exposure,high,clahe,440,0.075,0.2296376811594203,0.05897394205921833,0.03351554013805669,0.05,0.1,-0.002449950234609703,0.07104967907894452,0.013888888888888888,0.17777777777777778,0.0,0.9565217391304348,0.0
efficientnet_b3,exposure,high,genai,440,0.09772727272727273,0.262061191626409,0.08420311453811098,-0.0008220304151254076,0.07267045454545455,0.12727272727272726,-0.04740321381739239,0.04447925336248316,0.018518518518518517,0.4222222222222222,0.0,0.8695652173913043,0.0
efficientnet_b3,exposure,high,cold_diff,440,0.05454545454545454,0.2009259259259259,0.022704995976885377,0.013361375726834157,0.03409090909090909,0.075,-0.011831094680099014,0.03916656282668512,0.004629629629629629,0.0,0.0,1.0,0.0
efficientnet_b3,exposure,high,swinir_gan,440,0.056818181818181816,0.19686795491143316,0.03651544911989121,0.018826387307371073,0.03636363636363636,0.07954545454545454,-0.010865103631006645,0.04561489975878263,0.004629629629629629,0.06666666666666667,0.0,0.9130434782608695,0.0
efficientnet_b3,exposure,high,ddpm,440,0.05227272727272727,0.2,0.019870410367170625,0.0,0.031818181818181815,0.07272727272727272,0.0,0.0,0.0,0.0,0.0,1.0,0.0
efficientnet_b3,exposure,high,ddpm_path,440,0.05454545454545454,0.20444444444444443,0.028609072087332953,0.0002236278832022931,0.03409090909090909,0.075,0.0,0.0009529145041981876,0.0,0.022222222222222223,0.0,1.0,0.0
efficientnet_b3,noise,low,raw,440,0.05227272727272727,0.2,0.019870410367170625,0.0,0.03409090909090909,0.075,0.0,0.0,0.0,0.0,0.0,1.0,0.0
efficientnet_b3,noise,low,clahe,440,0.05227272727272727,0.2,0.019870410367170625,0.0,0.03409090909090909,0.075,0.0,0.0,0.0,0.0,0.0,1.0,0.0
efficientnet_b3,noise,low,genai,440,0.05454545454545454,0.2009259259259259,0.021974609000796622,0.012966850873171065,0.03409090909090909,0.07727272727272727,0.003802846171872526,0.024549900629259495,0.004629629629629629,0.0,0.0,1.0,0.0
efficientnet_b3,noise,low,cold_diff,440,0.05454545454545454,0.2009259259259259,0.021974609000796622,0.005888172977147166,0.03409090909090909,0.07727272727272727,-0.008948155444277833,0.019586138233070437,0.004629629629629629,0.0,0.0,1.0,0.0
efficientnet_b3,noise,low,swinir_gan,440,0.05227272727272727,0.2,0.019913419913419914,0.0019807041083637067,0.03409090909090909,0.075,0.0,0.006618678576365818,0.0,0.0,0.0,1.0,0.0
efficientnet_b3,noise,low,ddpm,440,0.05227272727272727,0.2,0.019870410367170625,0.0,0.03409090909090909,0.075,0.0,0.0,0.0,0.0,0.0,1.0,0.0
efficientnet_b3,noise,low,ddpm_path,440,0.05454545454545454,0.2009259259259259,0.021756737885770143,0.0029694197657988974,0.03409090909090909,0.07727272727272727,0.0,0.009909066519919319,0.004629629629629629,0.0,0.0,1.0,0.0
efficientnet_b3,noise,mid,raw,440,0.05227272727272727,0.2,0.019870410367170625,0.0,0.031818181818181815,0.075,0.0,0.0,0.0,0.0,0.0,1.0,0.0
efficientnet_b3,noise,mid,clahe,440,0.05227272727272727,0.2,0.019870410367170625,0.0,0.031818181818181815,0.075,0.0,0.0,0.0,0.0,0.0,1.0,0.0
efficientnet_b3,noise,mid,genai,440,0.05227272727272727,0.2,0.019870410367170625,0.0,0.031818181818181815,0.075,0.0,0.0,0.0,0.0,0.0,1.0,0.0
efficientnet_b3,noise,mid,cold_diff,440,0.05,0.18280193236714976,0.02754757075243891,0.017788495142238014,0.031818181818181815,0.07051136363636358,-0.01769776166328531,0.05081605504273218,0.0,0.044444444444444446,0.0,0.8695652173913043,0.0
efficientnet_b3,noise,mid,swinir_gan,440,0.05227272727272727,0.2,0.019870410367170625,0.0,0.031818181818181815,0.075,0.0,0.0,0.0,0.0,0.0,1.0,0.0
efficientnet_b3,noise,mid,ddpm,440,0.05227272727272727,0.2,0.019870410367170625,0.0,0.031818181818181815,0.075,0.0,0.0,0.0,0.0,0.0,1.0,0.0
efficientnet_b3,noise,mid,ddpm_path,440,0.05227272727272727,0.2,0.019913419913419914,0.0019807041083637067,0.031818181818181815,0.075,0.0,0.007087572539893693,0.0,0.0,0.0,1.0,0.0
efficientnet_b3,noise,high,raw,440,0.05227272727272727,0.2,0.019870410367170625,0.0,0.031818181818181815,0.07272727272727272,0.0,0.0,0.0,0.0,0.0,1.0,0.0
efficientnet_b3,noise,high,clahe,440,0.05227272727272727,0.2,0.019870410367170625,0.0,0.031818181818181815,0.07272727272727272,0.0,0.0,0.0,0.0,0.0,1.0,0.0
efficientnet_b3,noise,high,genai,440,0.05454545454545454,0.20444444444444443,0.028609072087332953,0.0002236278832022931,0.03630681818181818,0.075,0.0,0.0008834261140716219,0.0,0.022222222222222223,0.0,1.0,0.0
efficientnet_b3,noise,high,cold_diff,440,0.05454545454545454,0.20444444444444443,0.028609072087332953,0.0002236278832022931,0.03409090909090909,0.07727272727272727,0.0,0.0010360685799347456,0.0,0.022222222222222223,0.0,1.0,0.0
efficientnet_b3,noise,high,swinir_gan,440,0.05227272727272727,0.2,0.019870410367170625,0.0,0.031818181818181815,0.07272727272727272,0.0,0.0,0.0,0.0,0.0,1.0,0.0
efficientnet_b3,noise,high,ddpm,440,0.05227272727272727,0.2,0.019870410367170625,0.0,0.031818181818181815,0.07272727272727272,0.0,0.0,0.0,0.0,0.0,1.0,0.0
efficientnet_b3,noise,high,ddpm_path,440,0.05454545454545454,0.2009259259259259,0.021756737885770143,0.0029694197657988974,0.03409090909090909,0.075,0.0,0.009880643965200893,0.004629629629629629,0.0,0.0,1.0,0.0
vit_base,blur,low,raw,440,0.6090909090909091,0.4064534674811354,0.3718223082223611,0.6064513441168199,0.5636363636363636,0.6522727272727272,0.5307834190615843,0.6762270930462988,1.0,0.0,0.21487603305785125,0.21739130434782608,0.6
vit_base,blur,low,clahe,440,0.6045454545454545,0.37769929675068015,0.38074357119449953,0.5366879440566401,0.5590909090909091,0.6477840909090908,0.4495075004302489,0.6124189707757586,1.0,0.0,0.256198347107438,0.2608695652173913,0.37142857142857144
vit_base,blur,low,genai,440,0.575,0.35024896052564036,0.3333402392957291,0.5185911350745747,0.5295454545454545,0.6227272727272727,0.4356960670311066,0.5984512560316881,1.0,0.0,0.1487603305785124,0.17391304347826086,0.42857142857142855
vit_base,blur,low,cold_diff,440,0.5909090909090909,0.37996612083568604,0.3640706457279347,0.5306618661305029,0.5454545454545454,0.6341477272727272,0.4483881922503749,0.6135110144318671,1.0,0.0,0.18181818181818182,0.2608695652173913,0.45714285714285713
vit_base,blur,low,swinir_gan,440,0.5613636363636364,0.3495552646738418,0.3236264367780088,0.4690093433024852,0.5159090909090909,0.6045454545454545,0.37494255016539957,0.5425516061232571,0.9861111111111112,0.0,0.11570247933884298,0.21739130434782608,0.42857142857142855
vit_base,blur,low,ddpm,440,0.10227272727272728,0.2,0.03711340206185567,0.0,0.07272727272727272,0.12960227272727268,0.0,0.0,0.0,1.0,0.0,0.0,0.0
vit_base,blur,low,ddpm_path,440,0.5227272727272727,0.24750885478158208,0.20791208791208793,0.20006189076280356,0.475,0.5681818181818182,0.11870420916268233,0.2827942925328988,1.0,0.0,0.06611570247933884,0.0,0.17142857142857143
vit_base,blur,mid,raw,440,0.6386363636363637,0.3554894607661406,0.35324624894491147,0.5547652916073968,0.5931818181818181,0.6795454545454546,0.48155937194876397,0.6242840443244975,0.9768518518518519,0.0,0.512396694214876,0.17391304347826086,0.11428571428571428
vit_base,blur,mid,clahe,440,0.6409090909090909,0.3570434535454298,0.3260803791304837,0.5518524631983313,0.593125,0.6841477272727272,0.4762586089701195,0.6136397957512989,0.8101851851851852,0.0,0.859504132231405,0.08695652173913043,0.02857142857142857
vit_base,blur,mid,genai,440,0.5318181818181819,0.2674998241401404,0.2525500306145467,0.1985682745701477,0.4818181818181818,0.5750568181818181,0.13119388946585425,0.2670542563173512,0.9907407407407407,0.0,0.11570247933884298,0.17391304347826086,0.05714285714285714
vit_base,blur,mid,cold_diff,440,0.5113636363636364,0.2459340915269769,0.2069050803512938,0.24284331351127086,0.46136363636363636,0.5545454545454546,0.16766897530530314,0.3132590360529698,0.9953703703703703,0.0,0.03305785123966942,0.08695652173913043,0.11428571428571428
vit_base,blur,mid,swinir_gan,440,0.5795454545454546,0.28926301410491134,0.27544038758290834,0.299459638288487,0.5317613636363637,0.625,0.22340144283522217,0.3871551430044866,0.9305555555555556,0.022222222222222223,0.4214876033057851,0.043478260869565216,0.02857142857142857
vit_base,blur,mid,ddpm,440,0.10227272727272728,0.2,0.03711340206185567,0.0,0.07272727272727272,0.12954545454545455,0.0,0.0,0.0,1.0,0.0,0.0,0.0
vit_base,blur,mid,ddpm_path,440,0.4954545454545455,0.20330578512396694,0.13937468982630272,0.042129706418974955,0.44545454545454544,0.5386931818181818,0.010181696349429593,0.07921187708103815,1.0,0.0,0.01652892561983471,0.0,0.0
vit_base,blur,high,raw,440,0.6068181818181818,0.3207447522467285,0.3098834892508297,0.44963208693396683,0.5613636363636364,0.6545454545454545,0.3694516799211429,0.5267466587181358,0.9351851851851852,0.0,0.49586776859504134,0.08695652173913043,0.08571428571428572
vit_base,blur,high,clahe,440,0.5954545454545455,0.32301088239823417,0.3041641987698332,0.5232818537298539,0.5522727272727272,0.6386363636363637,0.4569315261147978,0.58817283640737,0.875,0.0,0.5537190082644629,0.043478260869565216,0.14285714285714285
vit_base,blur,high,genai,440,0.5636363636363636,0.26931238794875156,0.24082601087925407,0.350889010510953,0.5181818181818182,0.6090909090909091,0.27028363683938145,0.43321154003771073,0.9212962962962963,0.0,0.39669421487603307,0.0,0.02857142857142857
vit_base,blur,high,cold_diff,440,0.5022727272727273,0.23338063488261115,0.19372871020648472,0.09546966640392252,0.45681818181818185,0.5477272727272727,0.03505847856560366,0.16326938032377078,0.9814814814814815,0.0,0.04132231404958678,0.08695652173913043,0.05714285714285714
vit_base,blur,high,swinir_gan,440,0.5295454545454545,0.24306506624688443,0.21479713505690415,0.22498792002402923,0.48409090909090907,0.5705113636363636,0.1504682263163197,0.30141526826263776,0.9305555555555556,0.0,0.256198347107438,0.0,0.02857142857142857
vit_base,blur,high,ddpm,440,0.10227272727272728,0.2,0.03711340206185567,0.0,0.07727272727272727,0.1318181818181818,0.0,0.0,0.0,1.0,0.0,0.0,0.0
vit_base,blur,high,ddpm_path,440,0.4772727272727273,0.20068673750491933,0.14464088312668755,0.014265849513313,0.4318181818181818,0.5227272727272727,-0.03832357303802718,0.07433929684809484,0.9583333333333334,0.0,0.01652892561983471,0.0,0.02857142857142857
vit_base,exposure,low,raw,440,0.7022727272727273,0.4834248755197372,0.46438354010409305,0.7400255382065011,0.6590340909090909,0.7477272727272727,0.6766800898011552,0.7973216119754537,1.0,0.0,0.5289256198347108,0.17391304347826086,0.7142857142857143
vit_base,exposure,low,clahe,440,0.6068181818181818,0.3996591550741748,0.4149967806274595,0.4885883347421809,0.5613636363636364,0.6522727272727272,0.396906892634205,0.5783869775964025,1.0,0.0,0.2231404958677686,0.2608695652173913,0.5142857142857142
vit_base,exposure,low,genai,440,0.5909090909090909,0.36181920845952464,0.36359464871257324,0.4865842334196764,0.5454545454545454,0.6363636363636364,0.40054730770810987,0.5702391419663332,1.0,0.0,0.2066115702479339,0.17391304347826086,0.42857142857142855
vit_base,exposure,low,cold_diff,440,0.6431818181818182,0.424204096298958,0.42636094194184004,0.634500991407799,0.5954545454545455,0.6863636363636364,0.5592180643968883,0.7010884668685583,1.0,0.0,0.34710743801652894,0.17391304347826086,0.6
vit_base,exposure,low,swinir_gan,440,0.55,0.3400955822102067,0.25686830280315504,0.5665640744153222,0.5022159090909092,0.5954545454545455,0.4897602583302183,0.633622908831434,0.9953703703703703,0.0,0.03305785123966942,0.043478260869565216,0.6285714285714286
vit_base,exposure,low,ddpm,440,0.10227272727272728,0.2,0.03711340206185567,0.0,0.075,0.12954545454545455,0.0,0.0,0.0,1.0,0.0,0.0,0.0
vit_base,exposure,low,ddpm_path,440,0.5636363636363636,0.30867203942302757,0.2934783563816118,0.3804357402675864,0.5181818181818182,0.6090909090909091,0.28150988646734415,0.4653154229534096,1.0,0.0,0.15702479338842976,0.043478260869565216,0.34285714285714286
vit_base,exposure,mid,raw,440,0.6522727272727272,0.4551840254607053,0.4303562629503787,0.6915593358527152,0.6067613636363637,0.6977272727272728,0.6240874552786501,0.7490141034311026,1.0,0.0,0.3305785123966942,0.17391304347826086,0.7714285714285715
vit_base,exposure,mid,clahe,440,0.5795454545454546,0.36465889841383914,0.36827149693767225,0.4425007133906528,0.5317613636363637,0.625,0.3452505527453215,0.5345118745984813,1.0,0.0,0.1487603305785124,0.21739130434782608,0.45714285714285713
vit_base,exposure,mid,genai,440,0.5477272727272727,0.3000831579487706,0.28224796791076895,0.3671217831914735,0.5022727272727273,0.5909090909090909,0.2710987332911573,0.46100505064872255,1.0,0.0,0.09917355371900827,0.08695652173913043,0.3142857142857143
vit_base,exposure,mid,cold_diff,440,0.615909090909091,0.4084307787074586,0.38783108003971056,0.607840932094739,0.5681818181818182,0.6613636363636364,0.5250137589353837,0.678271884111464,1.0,0.0,0.2396694214876033,0.17391304347826086,0.6285714285714286
vit_base,exposure,mid,swinir_gan,440,0.5636363636363636,0.3510929642747825,0.2571021018782213,0.609481897858807,0.5158522727272727,0.6068181818181818,0.5410995225976486,0.6697816161466768,0.9953703703703703,0.0,0.0743801652892562,0.0,0.6857142857142857
vit_base,exposure,mid,ddpm,440,0.10227272727272728,0.2,0.03711340206185567,0.0,0.075,0.1318181818181818,0.0,0.0,0.0,1.0,0.0,0.0,0.0
vit_base,exposure,mid,ddpm_path,440,0.5318181818181819,0.27036599763872493,0.23121159925510879,0.313872255489022,0.4863068181818182,0.575,0.22253454580684554,0.405800806189162,1.0,0.0,0.06611570247933884,0.0,0.2857142857142857
vit_base,exposure,high,raw,440,0.5977272727272728,0.37454761239346224,0.3729287439613526,0.502348255157244,0.55,0.6431818181818182,0.41658715189232276,0.5836282134264654,0.9953703703703703,0.0,0.23140495867768596,0.21739130434782608,0.42857142857142855
vit_base,exposure,high,clahe,440,0.55,0.3172755030067283,0.2884387176381952,0.4110250019915105,0.5,0.5954545454545455,0.32551523105538194,0.4954150500140396,0.9907407407407407,0.0,0.10743801652892562,0.17391304347826086,0.3142857142857143
vit_base,exposure,high,genai,440,0.5318181818181819,0.2534143049162812,0.2321846558384483,0.1950796176250149,0.4863636363636364,0.5772727272727273,0.12641025411850332,0.2669500400521211,0.9907407407407407,0.0,0.1322314049586777,0.08695652173913043,0.05714285714285714
vit_base,exposure,high,cold_diff,440,0.6022727272727273,0.38001345090277894,0.36007191545743333,0.542742749554822,0.5568181818181818,0.65,0.4530665125354575,0.6197919735633992,0.9953703703703703,0.0,0.23140495867768596,0.13043478260869565,0.5428571428571428
vit_base,exposure,high,swinir_gan,440,0.5977272727272728,0.3544258603349512,0.31427733844259764,0.5636337186531337,0.55,0.6431818181818182,0.4788851182186437,0.6318726858456177,0.9768518518518519,0.0,0.2809917355371901,0.0,0.5142857142857142
vit_base,exposure,high,ddpm,440,0.10227272727272728,0.2,0.03711340206185567,0.0,0.0772159090909091,0.1318181818181818,0.0,0.0,0.0,1.0,0.0,0.0,0.0
vit_base,exposure,high,ddpm_path,440,0.55,0.2754663518299882,0.24304635761589405,0.33277894633860006,0.5022159090909092,0.5931818181818181,0.24307111375719567,0.4172940633261872,1.0,0.0,0.1487603305785124,0.0,0.22857142857142856
vit_base,noise,low,raw,440,0.7045454545454546,0.4669308557055592,0.45462264081277315,0.7427908478752288,0.6590909090909091,0.7454545454545455,0.6771648354501579,0.7971099812335929,1.0,0.0,0.5619834710743802,0.08695652173913043,0.6857142857142857
vit_base,noise,low,clahe,440,0.6977272727272728,0.48229999030394294,0.46608034797908215,0.7505480866266863,0.6522727272727272,0.7363636363636363,0.694308031161834,0.7978636482495499,0.9861111111111112,0.0,0.5371900826446281,0.17391304347826086,0.7142857142857143
vit_base,noise,low,genai,440,0.6068181818181818,0.38259226939068836,0.37498582377801176,0.5403245883371073,0.5590909090909091,0.6477272727272727,0.45202465194421154,0.6138381458668153,1.0,0.0,0.2396694214876033,0.13043478260869565,0.5428571428571428
vit_base,noise,low,cold_diff,440,0.615909090909091,0.3765722536868782,0.3488555609762859,0.5656003181998978,0.5681818181818182,0.6568181818181819,0.4867088219950616,0.6350345865731807,0.9907407407407407,0.0,0.30578512396694213,0.043478260869565216,0.5428571428571428
vit_base,noise,low,swinir_gan,440,0.6022727272727273,0.3898905771435416,0.363085193777187,0.5604383956584413,0.5522727272727272,0.6432386363636363,0.4753886599488853,0.6369900521586596,0.9583333333333334,0.0,0.2892561983471074,0.13043478260869565,0.5714285714285714
vit_base,noise,low,ddpm,440,0.10227272727272728,0.2,0.03711340206185567,0.0,0.075,0.1318181818181818,0.0,0.0,0.0,1.0,0.0,0.0,0.0
vit_base,noise,low,ddpm_path,440,0.5659090909090909,0.311404958677686,0.29016643205529785,0.38944393985265924,0.5159090909090909,0.6090909090909091,0.2892283302000394,0.48547875652395245,1.0,0.0,0.15702479338842976,0.0,0.4
vit_base,noise,mid,raw,440,0.6795454545454546,0.4430961126415672,0.4256655102595207,0.7206614814633069,0.6363636363636364,0.7227272727272728,0.6555867703808781,0.7754783886232733,0.9398148148148148,0.08888888888888889,0.5867768595041323,0.0,0.6
vit_base,noise,mid,clahe,440,0.6318181818181818,0.4266717333318124,0.377459697151328,0.5659202490719675,0.5863636363636363,0.6772727272727272,0.48237982735997825,0.643300252786074,0.7453703703703703,0.0,0.8016528925619835,0.043478260869565216,0.5428571428571428
vit_base,noise,mid,genai,440,0.5681818181818182,0.3423089163800626,0.3236611892568713,0.4640160453043888,0.5226704545454546,0.6090909090909091,0.3748401140343867,0.5471893446714272,1.0,0.0,0.12396694214876033,0.13043478260869565,0.45714285714285713
vit_base,noise,mid,cold_diff,440,0.38181818181818183,0.327431894704622,0.24930608357718329,0.19866650203728853,0.33857954545454544,0.4250568181818181,0.14514547856445353,0.257206390204899,0.4074074074074074,0.0,0.4297520661157025,0.0,0.8
vit_base,noise,mid,swinir_gan,440,0.6522727272727272,0.44312785296975016,0.39427752864416504,0.5909365558912387,0.6090909090909091,0.6931818181818182,0.5007483326125653,0.6625674633090762,0.7870370370370371,0.0,0.7851239669421488,0.043478260869565216,0.6
vit_base,noise,mid,ddpm,440,0.10227272727272728,0.2,0.03711340206185567,0.0,0.075,0.12727272727272726,0.0,0.0,0.0,1.0,0.0,0.0,0.0
vit_base,noise,mid,ddpm_path,440,0.5340909090909091,0.27201889020070835,0.2361969439728353,0.29010789553292327,0.4863636363636364,0.5772727272727273,0.19757645633292042,0.3795376607058235,1.0,0.0,0.0743801652892562,0.0,0.2857142857142857
vit_base,noise,high,raw,440,0.5545454545454546,0.37417027417027415,0.34179049657899524,0.5522565320665083,0.5113068181818182,0.6,0.483011735013042,0.6199716421382825,0.7222222222222222,0.08888888888888889,0.5454545454545454,0.0,0.5142857142857142
vit_base,noise,high,clahe,440,0.2636363636363636,0.27528029209847393,0.1745003582039247,0.17285269092055044,0.22494318181818182,0.30454545454545456,0.11539747204265033,0.2289438654839197,0.10648148148148148,0.022222222222222223,0.5619834710743802,0.0,0.6857142857142857
vit_base,noise,high,genai,440,0.5295454545454545,0.27575586468867097,0.23628246753246757,0.31913971243467154,0.4863068181818182,0.575,0.22970790527163026,0.4097622328374559,1.0,0.0,0.049586776859504134,0.043478260869565216,0.2857142857142857
vit_base,noise,high,cold_diff,440,0.08636363636363636,0.21796417021713466,0.05832334407335758,0.0007671653241275722,0.06136363636363636,0.11363636363636363,-0.007897609286863444,0.009251986864246288,0.0,0.0,0.01652892561983471,0.13043478260869565,0.9428571428571428
vit_base,noise,high,swinir_gan,440,0.5045454545454545,0.3548659757750667,0.30113329720831894,0.4444444444444444,0.4590909090909091,0.5477840909090909,0.3679763661745275,0.5121968695135909,0.49074074074074076,0.0,0.8264462809917356,0.0,0.45714285714285713
vit_base,noise,high,ddpm,440,0.10227272727272728,0.2,0.03711340206185567,0.0,0.075,0.12954545454545455,0.0,0.0,0.0,1.0,0.0,0.0,0.0
vit_base,noise,high,ddpm_path,440,0.55,0.29855503082775814,0.2668484114827808,0.3838742393509128,0.5045454545454545,0.5931818181818181,0.29623218172743776,0.4672263761791038,0.9305555555555556,0.0,0.24793388429752067,0.0,0.3142857142857143
