degradation,level,id_code,raw_psnr,raw_ssim,clahe_psnr,clahe_ssim,genai_psnr,genai_ssim,cold_diff_psnr,cold_diff_ssim,swinir_gan_psnr,swinir_gan_ssim,ddpm_psnr,ddpm_ssim,ddpm_path_psnr,ddpm_path_ssim
blur,low,9b70f84400af,32.5065357713399,0.90397596,19.339730898359043,0.59964013,34.43182262448832,0.90970176,33.14231566542282,0.8954456,31.51219263991871,0.8830583,8.084494647921524,0.019528283,32.78224080203363,0.90180486
blur,low,3f73c91b7e32,32.38051275667535,0.9170642,20.389732989015453,0.63882345,35.56506706957907,0.8800352,35.51474672944042,0.89889127,32.243150975468204,0.8940204,8.418401743987095,0.02126599,34.61309218938389,0.89432216
blur,low,bcd503c726ba,29.547347205682293,0.84916776,20.131921450452207,0.5659829,32.37360480736324,0.7999833,32.30444512337242,0.8252159,28.814550486131335,0.8090902,8.381795248000431,0.022517072,31.32759168522759,0.8183455
blur,low,944a233fbf8e,31.038631613162444,0.87646896,20.971838075052656,0.62494415,33.31681125478455,0.83743286,33.55088450042588,0.8588457,30.56338928784417,0.849191,8.496417699614314,0.021970728,32.72163032657578,0.85239315
blur,low,b3819a805dca,33.96734878782186,0.91425896,22.168933090871008,0.7745595,34.70425682344952,0.91169816,33.862611537713285,0.89000446,33.129066590650424,0.88973427,10.561787132768076,0.031606417,33.674234448406565,0.894052
blur,low,a4359815f152,36.535690655967585,0.91128856,19.350774996055364,0.73122597,36.97402367588697,0.92072433,35.75541492882836,0.9015936,25.749863287142958,0.8313675,8.654189551529075,0.023290226,35.975329261678624,0.8998072
blur,low,72595230840c,35.05480751768034,0.89120203,20.148802729977188,0.72296005,34.94259445252344,0.8819204,35.39939122748088,0.8763823,33.96163396154146,0.86170053,9.97157669521359,0.028007576,35.02890842184658,0.8830428
blur,low,4246ed634f25,29.451926364195828,0.8740942,21.818388915309995,0.5706033,33.38968648845542,0.7864263,32.066489743888276,0.83982235,28.814759061480395,0.8364845,7.975971858186863,0.02161958,31.60858425469891,0.8363164
blur,low,e3ab63dc9a60,30.349414552271003,0.8831861,22.208720260414232,0.6655106,33.68649202442438,0.8585139,32.89776510695604,0.8700204,30.009290541888195,0.8564818,8.867654139370845,0.024617061,32.587967769628484,0.8661902
blur,low,d6f6bdfd8011,30.642620633451727,0.85364217,21.153919266679075,0.6475219,33.1110055331508,0.84255475,32.95001121316301,0.83351547,30.571399424405016,0.8369904,9.234021240102297,0.026014214,32.47017463178445,0.8442125
blur,low,881ec6186e68,29.114908520639432,0.8143367,20.76842089538339,0.52578205,31.670044227369033,0.8082537,31.73595884956432,0.7975386,28.6817143326468,0.78893566,8.359264869622326,0.022936985,30.51879254983826,0.80541736
blur,low,3f6bccf21ce8,29.720064092147172,0.82502913,20.753795687051905,0.5354106,31.324359396436748,0.79602504,31.913001232385483,0.7935408,29.32100182134068,0.7955661,7.969854577850838,0.021682441,31.11414640067712,0.81002384
blur,low,803120c5d287,30.652955888527277,0.87259626,21.165404394474074,0.65070254,35.40650322862012,0.8911981,32.9643318129354,0.8854461,30.039803227211817,0.8389232,9.726990957308226,0.028897814,32.583855287891325,0.881931
blur,low,d271d3a2b552,29.61185170153099,0.84638983,21.322238514607346,0.5828353,32.363525131548435,0.7936814,32.08707325326137,0.82169604,29.021201809810236,0.80539054,8.348687739853961,0.021713799,31.084921940267858,0.81211996
blur,low,bc73ce76ec43,31.018058362957227,0.8466614,20.607725867203875,0.5361023,32.950440634841705,0.81414866,33.19042129146353,0.8082459,30.82146993073414,0.81913453,8.203022948830856,0.021149462,32.373148323517356,0.8262231
blur,low,3ddb86eb530e,36.39707497428455,0.90498143,19.946862595251538,0.74876136,37.220471595474685,0.9147055,36.30834625618317,0.89833593,34.70583869429508,0.883847,9.224278579742771,0.025526294,36.13991392225192,0.9025192
blur,low,e2856afe62c5,30.663630781918517,0.902112,21.389256493722147,0.5779306,34.39569057813779,0.8204761,33.501074304421586,0.85526896,30.19098684538313,0.871026,8.160352120036977,0.021200003,32.962581365809704,0.86316204
blur,low,77a9538b8362,32.48769135272539,0.9083734,20.872320263305465,0.678528,35.07894063625584,0.89183164,34.53350119984079,0.8913782,30.500165438778502,0.877506,8.485611658274516,0.020969206,34.381353236521456,0.8897972
blur,low,3de8ad4151e1,34.1431710681544,0.91220075,21.64118971957364,0.6504447,35.472418726929796,0.8764942,35.98842908830584,0.88801926,33.69953505277334,0.8868172,8.451458157041719,0.020412022,35.59946569889049,0.88998646
blur,low,6363b360aefb,31.408753743692518,0.8966265,21.908490365610575,0.6498582,34.56672284893042,0.87356204,34.2147193503129,0.87148196,31.039990187458617,0.8622704,8.5473460333419,0.021669878,33.25294561352409,0.87239784
blur,low,1d14dd912671,31.276928514555106,0.91069144,21.921731754811592,0.64211434,34.356560311209414,0.87506443,34.29424805592135,0.8944848,30.850061242885197,0.8814426,8.154417701038003,0.021444751,33.20851681941984,0.8782072
blur,low,70ed3ec68b94,30.653278448332525,0.88203096,21.303517821470038,0.6368202,33.77265402952807,0.8593758,33.49395231384501,0.86711043,30.283472189820614,0.8587167,8.812690419925467,0.023280332,32.63382458559096,0.86799854
blur,low,28f98cfe3858,31.500997698615393,0.90148807,22.06398942274472,0.6706533,35.43755750035632,0.90287703,34.59123210230346,0.9016765,31.290935927947004,0.8750348,9.217800563479573,0.025434911,33.963796190960956,0.8997722
blur,low,7831ce1d895e,27.9575043121558,0.8297734,21.58133305438243,0.6306448,31.555943676420426,0.8376398,31.241265276562793,0.83395696,27.450310674912473,0.8072658,9.082009406508334,0.027975162,29.868056446307847,0.8346432
blur,low,4dd14c380696,33.152270984580845,0.9143739,21.7348660240531,0.37198338,36.32518458883102,0.90698034,35.83006837373647,0.90303445,33.01641029624952,0.899851,6.963611535038744,0.011975437,35.65383788967105,0.9206114
blur,low,58af2c054ced,30.046085336777825,0.8355298,21.054446688714815,0.56810206,32.18903991667005,0.8221782,32.56375215891293,0.8123109,29.772527992945324,0.81407136,8.335419250728446,0.022227446,31.71229183659662,0.8261259
blur,low,3ca637fddd56,36.30036650816279,0.90105724,20.442307885771477,0.53682,37.079566646381224,0.8711179,37.050585435098995,0.8652937,22.88048432264601,0.78430176,7.2865713336451075,0.013772427,36.85611738948334,0.86520034
blur,low,81d79d53ed7b,34.59684880644864,0.91925997,20.34602974307952,0.787832,36.86904147227057,0.9326687,34.63536623383467,0.9084092,33.77089603190797,0.90390444,10.074711989107659,0.028673729,34.80749049285202,0.9118554
blur,low,e01b7bac822b,33.360350785987364,0.877044,19.678577976485048,0.4761229,34.25093612198593,0.8540804,34.708759892386844,0.8466728,32.886390904383674,0.84781545,7.643982325786933,0.016940856,34.088425899437055,0.8573258
blur,low,3710ff45299c,30.291309121304025,0.83602947,20.778037566109195,0.5424232,32.50277484602832,0.8270971,32.97464672292647,0.82187337,30.100760635639606,0.8130105,8.383614877926089,0.021239283,31.81236168715703,0.830066
blur,low,ab88081e5654,35.474954886549035,0.9098384,21.14893234728426,0.3204929,36.71188815501764,0.86326677,36.732003597159185,0.8630996,31.53261625736976,0.87121296,6.678699839847097,0.010206793,36.763972799550885,0.8879432
blur,low,b835b6e31a59,30.77527926214013,0.84752446,20.39364955250701,0.54450834,32.579726208119276,0.811053,33.07096882408483,0.8066482,30.574387882283077,0.8161114,8.290421740562905,0.02175655,32.23940344796755,0.8228584
blur,low,63e041a757eb,33.27178183244099,0.8747396,20.533430636177485,0.7569537,35.11465486779729,0.89934856,33.73417882113577,0.87046576,32.495811415039114,0.85063124,11.430618900224928,0.031607486,33.30542682716361,0.87155026
blur,low,c9ea9d5eab65,32.40278081869401,0.88007265,21.12430535840383,0.69944906,34.97862477134937,0.8738423,34.5043961561398,0.8779003,32.014556047190354,0.85584736,9.353373947453958,0.026044669,34.046929039798414,0.8836854
blur,low,c5a9ebef1517,35.38584979613612,0.88741595,19.569910263325696,0.7202947,35.792490858093586,0.8950495,34.8147857865936,0.87443614,33.67279919360541,0.85926795,9.219085985007899,0.02383407,34.83258341485883,0.87906647
blur,low,3b232b394e4f,30.28185194028346,0.8001005,22.60658189398412,0.7115574,31.39859214998188,0.8124973,30.72737900258169,0.78865916,29.624227383225865,0.763645,11.186185560764216,0.032268513,29.97069549242918,0.77334017
blur,low,7c3747c0b2c3,32.29266567299895,0.91410834,22.499007898978093,0.41318694,35.587050955687346,0.9108421,34.67222732773736,0.89684343,32.05783341690035,0.89764756,7.11447804192395,0.014153288,34.13565825411092,0.9153068
blur,low,4a7dc013e802,43.13067826253481,0.9675792,23.268074694524262,0.8043162,41.97484526585449,0.9640091,39.9717789301735,0.9525407,41.05038662595885,0.95560503,7.350702077665882,0.015192489,39.13092534853775,0.93482774
blur,low,2cbfc6182ba2,31.231397473506313,0.8674834,21.979296362304858,0.62256044,34.35601286448125,0.8747203,33.513399553665565,0.8646243,30.87471183624484,0.83680224,9.373626580741726,0.026003847,33.04512119811646,0.86844116
blur,low,8bf2d925dc0c,30.21224745182417,0.8595562,21.457876786198305,0.6475892,33.06188461727375,0.85389763,32.87397269226326,0.84196955,30.154414355288072,0.8476421,8.977197649583001,0.026597386,32.18037033035604,0.8479933
blur,low,cadde4030858,29.872756965701175,0.82904434,21.464847842643255,0.62470055,32.51805027404623,0.8351032,32.53391230469458,0.8230934,29.73789747104216,0.81275934,8.918195874716908,0.02477227,31.577004426202286,0.8343749
blur,low,57469423a012,32.586587561452504,0.89496666,20.796712548563757,0.60973316,33.84960818003472,0.84537596,34.47429427590995,0.8647917,26.007861473914375,0.8312876,8.082259903495808,0.021088088,33.74924704509738,0.85911375
blur,low,885fa5fc5da8,31.618786715091915,0.8678804,20.275651388788244,0.5171234,33.35172825785409,0.8310254,33.73096690405295,0.83223605,31.389160280020086,0.8370328,8.180214683837349,0.019463744,32.98147411748732,0.8465717
blur,low,40140a925c43,29.32835964753044,0.8606525,21.224943883597376,0.57937944,32.71325219990709,0.7768893,31.71206114540546,0.8210147,28.73545060059714,0.82421046,8.197445494732968,0.022579573,31.25889655264785,0.81688786
blur,low,65e530ee2e79,34.66235465901107,0.8770199,19.830256753929735,0.74691087,35.524446557100966,0.8947633,34.407843546676474,0.8733501,33.7128616635863,0.8545434,10.123226220746641,0.029481104,34.51902784869591,0.87134624
blur,low,2cceb07ff706,31.778162803601084,0.8914644,21.91931670572789,0.6222472,34.74885188741194,0.87413234,34.15369681838656,0.8734722,31.654572857826466,0.8766189,8.427086362664825,0.021264136,33.96874612790001,0.8808544
blur,low,731b19a460ad,31.46420793768831,0.87490827,22.170920615068844,0.676857,34.04423185301758,0.8727112,33.54947038820395,0.867203,31.150817008869517,0.84818393,9.305996933671745,0.025686642,33.130523061338025,0.8705206
blur,low,ab653b8554c0,30.056365144670707,0.85672235,21.29156787295434,0.62002355,32.71189392406506,0.8385632,32.78866827866055,0.8308141,29.855676935442915,0.84060603,8.438202294392704,0.0232808,31.785772897797454,0.848754
blur,low,3f3de2a6b0f5,34.789765585662536,0.88682145,20.263481745591974,0.7324648,35.70985582481913,0.90087175,34.24182026919831,0.87645406,33.619503232691265,0.86303765,9.433284284791718,0.027481064,34.44280248264485,0.8829675
blur,low,cbf0394039f8,33.33376561976414,0.92046314,20.982979153820676,0.7187247,35.8950541237334,0.89694935,35.87506120450035,0.9091964,32.972822046010954,0.9009207,8.956654275570184,0.023688937,35.63050088962423,0.9113214
blur,low,cc12453ea915,33.32127555753543,0.8823919,21.196332718335675,0.6465824,34.742033712383936,0.85911417,34.76981665429293,0.862313,32.947081970596095,0.8590584,8.485768910874663,0.0207579,34.41596265403796,0.86203104
blur,low,1e4b3b823b95,33.45974585486544,0.9077985,21.915378183681746,0.76819247,35.05531359216651,0.91514516,34.221919167918486,0.894856,32.550346924846636,0.88371825,11.073600983706381,0.03321134,33.76805359134544,0.89744145
blur,low,62318d514160,32.15710789505196,0.9010608,19.566980762121972,0.5973129,34.73137811596483,0.86545044,34.63971319607876,0.87502795,31.75946369201968,0.87311214,8.351737036864648,0.020338066,33.68448680738058,0.8733988
blur,low,555d0bef3c5b,30.940769727010363,0.8617592,21.27176652365542,0.6608348,33.66985088272241,0.8616248,33.15983809897097,0.84483176,30.90396515450791,0.8446448,9.620890631265063,0.027958348,32.88864247639728,0.8555996
blur,low,1b4625877527,31.205006436509557,0.8883311,22.152588859810876,0.6356971,35.082914606920774,0.88013554,33.74741035145996,0.8753994,30.84800085055306,0.86911297,8.70028206446179,0.022149628,33.627635920683794,0.87761956
blur,low,22325552a4e3,32.02460572365142,0.8992117,21.449139679076236,0.627953,34.36930939338253,0.8510027,34.481774049195224,0.8725691,31.589410943647657,0.8725706,8.14502662902884,0.02078585,33.43686759737124,0.8686821
blur,low,a3802934bad7,36.46262573604175,0.90665627,22.099287360997923,0.7365566,36.06769526526769,0.8905866,36.001300961874975,0.8810099,35.21083871282124,0.8870527,9.187395799944106,0.025085568,35.71748162067416,0.88720495
blur,low,a6c9e96a10d7,35.5238793698413,0.89008254,22.225111926038835,0.75335264,34.797759141719084,0.88178945,34.93276019891859,0.87376136,22.570176942298396,0.8126223,10.07158099365149,0.0288643,34.470874121384696,0.8754434
blur,low,3730c322d35b,30.014903756536327,0.8486097,20.999068396593238,0.5826326,32.598477408720086,0.83876544,32.465691105907815,0.8274161,29.83056457012131,0.8288571,8.493329184668822,0.022470556,31.85098409104913,0.8401735
blur,low,ab686895533e,28.816932784545784,0.7979161,21.243046256198397,0.60108334,31.391175605910867,0.8077964,31.260222673448027,0.79462,28.367551807547247,0.77497727,9.032224227337547,0.025684467,30.28900618121569,0.8023283
blur,mid,9b70f84400af,27.933049646116892,0.81219274,18.230374490277093,0.55147904,29.627456961764643,0.8394964,31.728432570459137,0.86428076,27.70654830546578,0.81039506,8.116697812240044,0.018791996,29.517598587740622,0.84859234
blur,mid,3f3de2a6b0f5,30.937217535222743,0.82727313,20.042768549079696,0.697753,31.971958914813676,0.8354928,33.32247410596028,0.8383766,30.674766420211416,0.8195429,9.39623810408795,0.026151327,31.518920640814887,0.83585185
blur,mid,bcd503c726ba,25.162533854482547,0.76159,18.582317809651173,0.51776373,26.968979742472662,0.7064462,32.04920434500193,0.80966026,25.0120050697635,0.74439603,8.44171238620881,0.021095483,28.72598342854745,0.77518725
blur,mid,944a233fbf8e,26.787811198653305,0.80127245,18.782009342908403,0.5734624,27.943650071502226,0.7650867,33.388722596806666,0.84612226,26.684298475674378,0.7899366,8.455297750870773,0.022669889,30.454321737835222,0.8218021
blur,mid,b2748ac28fc1,27.23710523506607,0.7507696,19.39698012692205,0.5561395,28.842933882878672,0.773235,33.00999708030183,0.8213823,27.128860274325334,0.7341097,8.813420550410765,0.023418793,30.52352491000927,0.791126
blur,mid,a4359815f152,32.80604971514933,0.85947615,19.80401615858488,0.71947163,33.50517690340412,0.86605173,34.57884705540407,0.86784106,29.540470736315797,0.8304747,8.67510747063511,0.023705505,33.24882439489029,0.866437
blur,mid,750e0168399d,27.09636716519362,0.771374,20.328997338408513,0.37374946,28.512059827703577,0.81731796,34.392563118262,0.8860317,27.067531280208396,0.7779133,7.427003656262128,0.013172106,30.716072871995284,0.8526755
blur,mid,4246ed634f25,24.947329936565016,0.7835304,19.497334846588345,0.50375766,27.8911489645214,0.7459766,32.321448794782995,0.8260301,24.793834412547856,0.76724416,8.011945774856311,0.021212744,29.711891326417458,0.8086899
blur,mid,e3ab63dc9a60,25.81778508743721,0.79798967,19.477394719888,0.6052259,28.033383784789976,0.79436415,33.31901747798772,0.86473006,25.824871147161485,0.789666,8.86763551173476,0.025956308,30.421178682171657,0.83372253
blur,mid,d6f6bdfd8011,26.669755912551217,0.7792161,18.718862902977165,0.5857308,28.678750830496732,0.80870795,33.096570432302094,0.8271579,26.729286296711294,0.7789004,9.213181172578183,0.025186932,30.858310251177855,0.8206145
blur,mid,881ec6186e68,25.334799239585024,0.7318125,18.00314198562453,0.44724616,26.851170845149483,0.7494579,30.707280808086747,0.7788469,25.29709890325769,0.7250347,8.352011796402131,0.021118542,28.27200716058816,0.75983447
blur,mid,3ddb86eb530e,32.212515520789395,0.8514075,19.770365827275413,0.7259846,33.016634872853444,0.8568533,35.0863762272181,0.8666149,31.951848795631683,0.84443134,9.19648408112337,0.025921553,32.67683867464549,0.86094874
blur,mid,842d697884f6,26.976688763769836,0.7872899,18.041953204880464,0.44042346,28.319387264648697,0.78073925,32.96654166914257,0.80436426,26.967032461397366,0.76758295,8.051928511812502,0.020642249,30.384522222839973,0.79967517
blur,mid,d18e5b68f6d2,31.733013682165677,0.8687344,19.467288454452408,0.7284108,32.18561209946796,0.8703529,34.66358943991248,0.88146186,31.506593229212445,0.8585634,9.841880095672495,0.026213052,33.052793462754856,0.87904453
blur,mid,bc73ce76ec43,27.15657993871908,0.7802325,17.820019521267586,0.46971235,28.498713595875596,0.7784969,32.97694310905776,0.79864264,27.14282434347384,0.7667551,8.193474300643457,0.020456856,30.80040403917948,0.7972255
blur,mid,3f6bccf21ce8,25.787422090150006,0.7431531,18.362474219848707,0.47102627,27.15778112324078,0.73852855,31.70275579680883,0.7748749,25.72979239583934,0.7325883,7.965558518055311,0.022213908,29.142409929744506,0.76817846
blur,mid,e2856afe62c5,26.136139710991696,0.82889414,19.200119391258752,0.5211895,28.694851236011793,0.79295546,34.26036426913133,0.855179,26.062598577790126,0.8131848,8.135077088288053,0.02227752,30.872765558667993,0.8408599
blur,mid,77e15f213b04,25.279098790476514,0.788826,20.96310208413451,0.39255118,28.922444115465247,0.86318964,34.00023560665447,0.9012623,25.233881563193282,0.79469806,7.487387909227655,0.016955873,29.994222466097277,0.86976385
blur,mid,3de8ad4151e1,29.852266919760527,0.8554637,19.166756556623334,0.5992766,30.612773465707136,0.82556695,35.517413496708826,0.8805733,29.658723641342174,0.8419736,8.414973495186961,0.021941705,33.67065851640829,0.8682933
blur,mid,63d217b059b6,28.128232045900454,0.82533246,19.09851720623182,0.65626246,29.963226003046167,0.8366785,34.53430683522449,0.8717501,28.05542140716304,0.81921107,9.136159160361682,0.024591343,32.08857473924273,0.8609068
blur,mid,1d14dd912671,27.002193072470764,0.8373868,19.431817154045053,0.59103084,28.381428876776347,0.8210704,34.30556161371629,0.8935573,26.88027126660614,0.82449096,8.218552366021756,0.020793574,30.6980285900041,0.8566985
blur,mid,6e0f78e188ff,30.656732515188207,0.8535158,19.95789512832943,0.7392443,31.673850141915715,0.86124533,33.40999187499548,0.86395794,30.41330492487869,0.8462418,10.0963756499471,0.028003871,31.649260915027867,0.859765
blur,mid,28f98cfe3858,27.010809184190265,0.7993019,19.254047413743184,0.6034806,28.74964271355397,0.83320457,34.666936782020045,0.8913452,26.876854920326537,0.79007596,9.194401313365761,0.025578918,31.284839854615537,0.85922784
blur,mid,77a9538b8362,28.179651470731613,0.84646827,19.241063315499517,0.6412011,29.13715095241027,0.84452534,34.43171298111993,0.8857627,28.077074403301285,0.8364417,8.481015631965645,0.021391949,31.28594668395558,0.8616843
blur,mid,4dd14c380696,28.701998356827907,0.825695,19.40335539163106,0.3206924,30.04232417111654,0.84372073,35.96522995531061,0.8960188,28.643723345772116,0.8306977,6.944907680818848,0.011671525,32.50485287717447,0.8862705
blur,mid,58af2c054ced,26.156412756586384,0.7614897,18.434326041971005,0.49990496,27.349438293771446,0.7699139,32.10702444188141,0.7980663,26.154242756319675,0.7562764,8.295339435074027,0.02320318,29.775766896449205,0.787864
blur,mid,3ca637fddd56,32.64418038526076,0.8464131,19.35050223934953,0.5007587,33.08543004101911,0.8295477,36.2486466807261,0.8575085,25.270796296876014,0.79002404,7.349572526731734,0.014769852,35.099745988886454,0.83336264
blur,mid,840a06a9c690,26.881672634845618,0.77277,18.007387196484043,0.47991395,28.356430951894804,0.7832549,32.75179165720717,0.8107721,26.8967661011428,0.76644284,8.290940887655777,0.022100573,30.31842187502981,0.7995355
blur,mid,e01b7bac822b,29.570492338386,0.8177393,17.938297807918108,0.42847863,29.935580634844587,0.81177235,34.182541325967215,0.8387595,29.424223263676396,0.8003657,7.644127019553616,0.0162682,31.866667898990784,0.82874054
blur,mid,3710ff45299c,26.39023835277074,0.75573444,18.43396555419915,0.47487986,27.6809783840961,0.7726427,32.22855486161615,0.80459017,26.432007869720238,0.7505186,8.387989194533246,0.021378027,29.732394439758764,0.7891
blur,mid,ac1667fac512,27.449916220812824,0.8001561,17.880111000679783,0.44656083,28.617066603926695,0.79887104,33.33583757683759,0.8241288,27.436472546256084,0.7838912,8.104754079599449,0.019391457,30.829450431306693,0.81924886
blur,mid,b835b6e31a59,26.820756533725017,0.7736573,18.302312461605453,0.49029854,28.686366218829548,0.76833206,32.8811546086552,0.7980325,26.835134858681986,0.76044995,8.215949713942836,0.021959826,30.353396648089713,0.78802484
blur,mid,63e041a757eb,29.1795244299795,0.8012164,19.59782502515031,0.6991609,30.71145852402262,0.8166604,32.947497230737504,0.8274827,29.08827445676023,0.79401803,11.453113269121062,0.030909076,30.45104248404199,0.8086834
blur,mid,ca1036496659,31.610836062959006,0.84040684,19.2201878188715,0.55199456,31.990558611093036,0.8308718,35.69182161913454,0.8541351,31.304737808256306,0.83948994,7.693864385334873,0.016926272,33.821160837428835,0.8530073
blur,mid,c5a9ebef1517,31.936753098448982,0.82770634,19.761499553459302,0.70536166,32.66666996364223,0.83340615,33.724789922290384,0.83805734,31.709538413810932,0.8210163,9.278037703162326,0.02568593,32.405460059258644,0.8334276
blur,mid,3b232b394e4f,26.494277789324414,0.693309,20.956384358120346,0.62682563,27.951802651921685,0.69442534,29.51277930054804,0.7315634,26.426770633023512,0.68534917,11.180121223520917,0.032541174,27.655831782516067,0.69747216
blur,mid,7c2f820a6425,27.952353426081736,0.8114681,19.211569717598508,0.64652544,29.26133047537737,0.8188627,34.32403526393367,0.86629707,27.8692626346818,0.8039271,9.145223938946586,0.0236879,31.827620069017012,0.85099965
blur,mid,4b6cb0bcfd44,29.264743066483057,0.83976513,18.968228103583886,0.3231533,29.715542521126515,0.83606607,35.72108831600671,0.8797714,29.05591847034987,0.835658,6.982715341092276,0.012577444,32.868252096339916,0.8770768
blur,mid,2c77bf969079,33.96708090417261,0.91358227,21.78234493354589,0.7796095,34.60243279538275,0.9145587,36.79322014474363,0.920114,33.737060292598365,0.906627,7.842923963536884,0.018260118,34.689986963169936,0.9035006
blur,mid,8ac0c44bbf24,29.671206715070035,0.81058854,19.28956197223122,0.64732075,30.762705905937825,0.8141921,34.771193051038665,0.8526177,26.09411576625433,0.77425367,9.15755069646403,0.024893662,33.29345745106052,0.8406889
blur,mid,cadde4030858,25.957532607422994,0.74274164,18.920090932120512,0.55366635,27.808539838016543,0.7777784,32.019966023392065,0.8046212,26.013531732533693,0.7446172,8.918261779890935,0.024418814,29.640822936114915,0.7910269
blur,mid,57469423a012,28.23439310237098,0.82578224,18.499336235990725,0.5426083,29.21383072126861,0.7779421,33.56159935757427,0.8555908,24.790226778547016,0.7788047,8.0986360315221,0.018480444,30.571971093640663,0.82208586
blur,mid,885fa5fc5da8,27.642790315988364,0.8028713,18.136838774535118,0.45834008,28.783056236014065,0.79368657,33.513961073956494,0.8254976,27.620873333618633,0.7869665,8.193358331600166,0.020234788,31.087280395103576,0.81942296
blur,mid,40140a925c43,24.88522401458525,0.772312,19.178599620319158,0.51482683,27.378626495024868,0.7467758,31.98528542877474,0.8105295,24.737826156241344,0.7544901,8.246690700477147,0.022245353,28.89081441244562,0.78912467
blur,mid,65e530ee2e79,30.68075151422509,0.80955344,19.957171768726738,0.7030645,31.270036596253796,0.8191102,32.86497343963138,0.82494646,30.525271749107702,0.80331904,10.157583730603506,0.028854584,31.50571330508035,0.81557316
blur,mid,2cceb07ff706,27.476256714966333,0.8144315,19.63239041711477,0.5701134,28.921862775675585,0.8284767,34.00393814219383,0.8702056,27.447361678085404,0.81717515,8.433705962550011,0.021453403,31.618769902621167,0.84543824
blur,mid,7347f5133a6a,25.75559659854108,0.8148535,19.312951851665066,0.55155414,28.61756091104105,0.78903294,33.57307178307304,0.85778946,25.6837085259146,0.8031061,8.350777368103612,0.021724299,30.31272502032423,0.83844066
blur,mid,ab686895533e,24.92207564146608,0.690296,18.485689657290067,0.5113849,26.47047721569011,0.72651786,30.651170263571377,0.7628861,24.874113528551657,0.6897885,9.008407132366246,0.022458373,28.050706365739636,0.738045
blur,mid,3f73c91b7e32,27.89232099964401,0.8563151,18.83227050420234,0.59885526,29.090418432647542,0.8177872,35.15052205144062,0.8937729,27.885287020023043,0.84360796,8.389756155672561,0.021557381,32.10784991491025,0.86921763
blur,mid,cd1c98ec48b1,26.94830122377148,0.8122615,17.888007612165755,0.43909296,28.13928126653017,0.79899865,33.703083048885006,0.8327519,26.97117997633697,0.79709584,8.117331676916029,0.019895032,30.996724192627866,0.8290928
blur,mid,ccea49708830,25.310861643736423,0.776856,20.01019577097894,0.3660535,27.913553975716404,0.8338006,33.49446267826694,0.88816714,25.2093740012756,0.78308517,7.367061794743561,0.01666402,29.054049924224298,0.85134983
blur,mid,1da25637859b,26.87839408759185,0.7717727,18.594947602939655,0.5384334,27.79399798694304,0.77473205,32.80057380247504,0.8415081,26.75589664457147,0.7651207,8.444573770725416,0.021245996,30.140037618916807,0.81059223
blur,mid,62318d514160,27.707847450627415,0.82823676,18.150678182802217,0.5560501,28.75388296786668,0.7751463,34.29436375312481,0.8713861,27.596631104004302,0.8137157,8.34059873931293,0.020553036,30.941441772100177,0.841234
blur,mid,55968f0e63c4,26.955693624046248,0.804406,18.443411741555515,0.5014998,28.713816885180634,0.7979292,33.56649815257636,0.82281184,26.980876164039984,0.79115003,8.23139065515072,0.021155035,30.82947737328155,0.82220453
blur,mid,1b4625877527,26.748220214525883,0.7944122,19.58930829906342,0.574044,28.763343322370677,0.8240058,33.836678301113345,0.87160206,26.68311335233126,0.79363865,8.696701794326504,0.02395747,30.285489367018744,0.8366634
blur,mid,22325552a4e3,27.7976205467045,0.8383953,18.84921911647923,0.56781834,28.9919447236699,0.78575057,34.140582377336635,0.87045175,27.65787305651657,0.82325584,8.132317911959525,0.021661418,31.55915753453886,0.83737916
blur,mid,a3802934bad7,32.966218869663834,0.8794353,22.225982012283517,0.7437888,32.78498393906463,0.8656154,34.5982365224214,0.8541722,32.55999211566906,0.86934024,9.148726732361755,0.025183467,34.27463015727589,0.8662329
blur,mid,a6c9e96a10d7,31.926659871527747,0.8336454,21.964956326635697,0.7428562,31.707660077531642,0.830672,33.263874794412644,0.8321769,23.512394901620954,0.78584075,10.021900102406224,0.026505917,31.88916360189904,0.82694364
blur,mid,3730c322d35b,25.942048351181146,0.7709926,18.534117427411264,0.52257574,27.751117465213433,0.7937141,32.51954336209103,0.8224638,25.949815075990948,0.7647365,8.517932142302657,0.022520691,29.455998965166152,0.8011594
blur,mid,ab7991df166b,32.916521652183285,0.88542,19.064764845878358,0.57023454,32.96338961654816,0.88414425,37.06776174107017,0.91846156,25.342863503131362,0.82544786,7.688881810384122,0.0177284,34.984418347647605,0.90913504
exposure,low,9b70f84400af,21.883426155063233,0.8931758,24.220426892476105,0.6533815,21.62741053290228,0.87465125,35.252301416064675,0.92050487,19.18835972903985,0.7114698,8.096151272738938,0.019995742,21.463815566212084,0.84255356
exposure,low,3f3de2a6b0f5,20.689766205761337,0.87376857,24.959279671665794,0.78182155,20.43714940339591,0.8428123,36.49121462264327,0.9135976,19.355006928716715,0.6665817,9.439925980422764,0.02785995,20.39806341326216,0.8011029
exposure,low,bcd503c726ba,19.352821004035793,0.84214824,22.036634228933963,0.6007088,19.0241120303623,0.77133447,33.46234075010329,0.8487628,18.67512065554037,0.73509234,8.403312249141374,0.022826105,19.145231093831605,0.7563603
exposure,low,944a233fbf8e,19.20225653756205,0.8600916,22.414240654617995,0.65024596,18.954754722276377,0.8082673,34.24205479558013,0.87842757,18.94917542812014,0.785227,8.46141459003811,0.022286939,18.95287338812971,0.79445934
exposure,low,b2748ac28fc1,19.63566746161612,0.8501819,23.935729811859932,0.6759369,19.557925180960968,0.81982946,34.68960387377147,0.8691039,18.8110108075711,0.70729667,8.820764542129014,0.024063677,19.559796444299128,0.81438667
exposure,low,a70d0f12a641,18.005700343347176,0.81115514,21.74892601433488,0.64036816,17.74469198070782,0.7718291,32.59942970422257,0.8237445,17.874708855623044,0.74945116,8.93507581909282,0.02451481,17.609812317664677,0.7665116
exposure,low,750e0168399d,21.107322228530293,0.91532534,24.908679045925375,0.47947812,20.92945479915273,0.8901158,36.050332772974095,0.9261115,20.45104582986545,0.8103371,7.434189978799194,0.016981209,21.237491874267576,0.8907647
exposure,low,4276b82e4489,22.509986677821345,0.91501683,25.293228575980926,0.4157314,22.257462828092418,0.87515587,35.15896626023038,0.9066406,22.265437364467235,0.86348724,7.037533885744944,0.013790574,22.734184336221666,0.88740927
exposure,low,e4b0df29b96f,18.558055701282555,0.84709257,22.2266126402806,0.6931181,18.419656310025346,0.8288233,34.55245036216795,0.8712637,18.41284335278626,0.8213079,8.87206040640564,0.024786966,18.420815821025258,0.8236074
exposure,low,d6f6bdfd8011,18.551157569014183,0.834589,22.89691721386332,0.69811755,18.440409296259556,0.8121508,33.98903277598704,0.8577265,18.406831909893274,0.78141564,9.1843261247753,0.025517432,18.324499519375777,0.80385965
exposure,low,881ec6186e68,18.120370569038567,0.82309103,20.982793679495476,0.57487637,17.827775383040958,0.782114,32.23841153986508,0.8230302,17.90946237812192,0.7681286,8.297562479388262,0.022980422,17.77741404639918,0.77898455
exposure,low,3ccf96c1dd6d,18.78510087589452,0.86396503,22.332632649252588,0.67556196,18.63228513681238,0.8300062,34.76016849929246,0.8796277,18.550100505122295,0.7988997,8.533756432273336,0.02393241,18.598923979568212,0.8209858
exposure,low,81d79d53ed7b,21.49765311139059,0.89444953,26.99212082235357,0.8225725,21.418086231368946,0.876769,37.13789794853741,0.93703,21.461826879565447,0.8685937,10.080616813246557,0.02886307,21.040438168575864,0.8345585
exposure,low,d18e5b68f6d2,19.943304639397773,0.89154524,24.668994627421604,0.7976551,19.784703247365535,0.8620703,38.02981241248786,0.9360997,18.602957639887904,0.6688914,9.83583150789731,0.029284408,19.7046810202201,0.8360917
exposure,low,bc73ce76ec43,18.9028169046702,0.82742375,21.966374747612022,0.5756431,18.60791798398401,0.7948506,33.68934983597607,0.8314621,18.70377609678954,0.78259104,8.19730532769902,0.020643512,18.575208729762146,0.78483945
exposure,low,3ddb86eb530e,22.24999727293256,0.8832553,26.161069989613818,0.7948818,21.994690032721152,0.8508466,38.172406376868494,0.92713714,21.426409394542322,0.7623651,9.210384008799096,0.025456458,21.990830751666202,0.8087887
exposure,low,e2856afe62c5,17.638764221363466,0.89026165,19.742648471736622,0.61351854,17.536336812921135,0.7985701,34.79988030772332,0.878835,17.447529916908426,0.843841,8.142744480501737,0.021787003,17.531118619571263,0.8301031
exposure,low,77e15f213b04,18.945383470482447,0.917245,21.2307171745702,0.4844085,18.8752182768089,0.89583826,35.388676736819775,0.9255988,18.81257051700558,0.88820213,7.472025416121771,0.016717916,18.788845266676258,0.89291185
exposure,low,3de8ad4151e1,20.36671256640359,0.8787126,23.900753530241943,0.6919424,20.20218432934429,0.8439136,36.57229823770296,0.9051356,18.751144359427897,0.73468566,8.405605713965983,0.020659227,20.311371758231502,0.8264959
exposure,low,6363b360aefb,19.444866328518913,0.8710323,23.161020522471254,0.6944118,19.383640283182967,0.84026814,34.94375763068652,0.8872924,19.34331515372564,0.81301355,8.52338326299152,0.021937711,19.25142281836193,0.8278234
exposure,low,1d14dd912671,19.4809659938771,0.8791341,22.68152420150598,0.7021498,19.40172696694032,0.84587497,34.83825031319578,0.9024105,19.304265975399105,0.8343678,8.188659492047437,0.020989833,19.23607915750615,0.826829
exposure,low,70ed3ec68b94,19.544570292898374,0.8651224,22.3809408065644,0.69513845,19.368975490884626,0.8277023,34.30656883850691,0.8878743,19.321497474038956,0.8227873,8.811857386972143,0.02368223,19.570437441341344,0.8203854
exposure,low,28f98cfe3858,19.257121198673865,0.8831003,23.462751771964527,0.7270704,19.2394071819229,0.86881393,35.50654863605765,0.9185529,19.08430703600516,0.82074565,9.178146856907395,0.026007911,19.2915757545624,0.86435264
exposure,low,7831ce1d895e,17.540893390300315,0.8348585,20.41798251724852,0.6878455,17.401316888089745,0.8046418,32.64653187124575,0.85738105,17.365707774771103,0.797694,9.035018610436914,0.026351253,17.19176384485348,0.7991159
exposure,low,4dd14c380696,22.65944156569863,0.9302549,25.406771024238772,0.41412875,22.51202705886196,0.8955651,37.143675130834126,0.924395,21.52361823696424,0.85166025,6.931960152153471,0.012291026,23.13761534954022,0.9121507
exposure,low,58af2c054ced,17.824008192334297,0.8315389,20.869301313081912,0.6133496,17.58358651991482,0.7970743,33.083888255622284,0.8390138,17.638555823481536,0.7856626,8.34360948390029,0.02319819,17.5456583182968,0.7934645
exposure,low,3c326543fff6,18.373856189433674,0.9159355,20.780942706803085,0.48351476,18.313758335077456,0.891561,34.90685009730005,0.92227,18.253975190662114,0.8860763,7.40827841607854,0.017552836,18.139067156142122,0.890297
exposure,low,842d697884f6,18.606769812882547,0.8421287,21.558221835453814,0.53814906,18.31717388271262,0.7920633,33.6849249457745,0.831435,18.40843929077674,0.7903576,8.018973255566518,0.020055404,18.24916238286386,0.79496807
exposure,low,e01b7bac822b,21.348249154694592,0.86643285,23.16850682840809,0.51938343,21.083628863105016,0.83247656,35.345062765819605,0.864923,20.3747565035806,0.7482411,7.639547342347869,0.016561238,21.152137500427326,0.82798386
exposure,low,3730c322d35b,18.179176557259304,0.8403242,21.048692200146824,0.62259036,17.975829107611442,0.81207585,33.763043477685144,0.8529341,18.00946742486387,0.7949986,8.468807940486307,0.023749918,17.97986968912044,0.8033349
exposure,low,ab88081e5654,25.017877354371485,0.9084406,24.78603597607607,0.3643904,24.733378632255597,0.8402193,37.112083537930076,0.87042326,20.247501581476662,0.71916914,6.677862915327518,0.010527499,25.706832431916084,0.87798744
exposure,low,b835b6e31a59,18.50672562895111,0.82413346,21.778117421409068,0.59611493,18.19908980996784,0.7866524,33.73524157224488,0.83086896,18.316748244399857,0.7753305,8.204780399300237,0.02189535,18.136542353127886,0.775654
exposure,low,63e041a757eb,19.104117282751105,0.8799083,24.73461097215307,0.7948494,18.935929940726794,0.8486908,35.95966858321294,0.91688234,19.0870391699739,0.83238274,11.45329856078315,0.03273107,18.86886558063705,0.82722634
exposure,low,ca1036496659,23.010441447863123,0.8634076,25.49696578239756,0.6460628,22.856659030873377,0.8462264,37.13597043452279,0.8887803,20.048143906057966,0.7079348,7.723109439522813,0.018147632,22.886429034796627,0.8254797
exposure,low,c5a9ebef1517,21.703414714437173,0.8744152,25.031538095947674,0.76974916,21.399768491499287,0.8379367,37.048513709391656,0.91337466,18.129538057405263,0.6759917,9.261451905120447,0.026111146,21.456529824615487,0.792892
exposure,low,3b232b394e4f,16.28073415912264,0.8305726,18.77748664480923,0.71817607,16.101226988528985,0.7697959,32.15206303611528,0.84342843,16.24044821777798,0.74143547,11.19122665842294,0.033880994,16.248050038532785,0.7353837
exposure,low,7d0a871c45db,18.65237107831482,0.8419718,22.404624068970843,0.6677548,18.466471628289995,0.8216527,34.13457290748889,0.8641518,18.498706890255647,0.81102556,8.875406575931128,0.024900122,18.4763205584791,0.8149938
exposure,low,4a7dc013e802,28.56364085663712,0.90495783,31.117878543759517,0.88780665,28.72145110463423,0.8807469,41.687095135964434,0.96427774,24.890395279051766,0.76722145,7.381769891779779,0.015156784,27.998315915917185,0.82218677
exposure,low,2f81ee5f2926,21.067981335837604,0.9155988,25.171619480909264,0.4923029,20.924026152302176,0.88881797,35.5766058823979,0.9300129,20.599648452680555,0.7880828,7.520567025553792,0.017414022,21.50839426386408,0.89591306
exposure,low,8bf2d925dc0c,17.527906486497756,0.8462104,20.950733188901772,0.68824905,17.39939780532514,0.8248244,33.97452286444373,0.8667037,17.385584167202875,0.8159573,8.94666592383475,0.02590522,17.285023894136952,0.818559
exposure,low,cadde4030858,18.33102219600007,0.8319314,22.414990774750663,0.66507983,18.127641317805228,0.8057105,33.32212815243444,0.8497932,18.187555745605653,0.7905689,8.964456615912766,0.024807947,18.031100971445348,0.7998133
exposure,low,57469423a012,20.703629109530148,0.86425686,22.326629487251942,0.66836214,20.608426066809646,0.81980294,34.97599490045775,0.8810706,19.33726601453763,0.71941155,8.09744017437226,0.020057986,20.64168255434954,0.7749749
exposure,low,87774aafe068,20.031885278522864,0.8685317,23.35816254381681,0.66182727,19.809400893787917,0.8244696,35.2606210824563,0.8908186,19.51683282138086,0.77232724,8.442336613742484,0.02283678,19.773348164283178,0.7996354
exposure,low,415d5c5e785f,17.16645653801176,0.84325784,20.449166037937413,0.7003462,17.077289978150766,0.8187578,33.558705585543585,0.8639374,17.03889905827133,0.813109,9.210698682724193,0.027780138,16.825199020712734,0.8109271
exposure,low,65e530ee2e79,20.01695687985087,0.8712575,25.343286547861645,0.78993267,19.785983137446856,0.83946276,36.35342128908587,0.91220784,19.960300944621945,0.8205526,10.130158401253919,0.02844511,19.618201695462947,0.8032384
exposure,low,2cceb07ff706,19.385407903817278,0.85966897,22.96367278987043,0.66997594,19.19394472521995,0.8450654,35.46886287828853,0.88272506,19.23546100560509,0.83714134,8.441826182130383,0.021955865,19.339493907923398,0.83896786
exposure,low,7347f5133a6a,17.462616029623828,0.8773504,19.839632306937276,0.6415532,17.332688916462736,0.8110256,34.29454482302104,0.87928843,17.274842521335835,0.8350777,8.367681300293462,0.0235098,17.47961702351045,0.8318586
exposure,low,ab686895533e,17.76200685638837,0.8165972,21.103785532168654,0.64549136,17.508978926628792,0.7784088,32.31012169965214,0.8292635,17.595393664912624,0.76362425,9.002188057518714,0.027613347,17.377668305881233,0.77388793
exposure,low,3f73c91b7e32,20.420497310354047,0.8813672,23.547116727417475,0.6938493,20.389813652986305,0.8551604,35.90217631990635,0.91371775,19.800912310158193,0.79504347,8.338567844799023,0.020198748,20.47014405325089,0.83066803
exposure,low,cbf0394039f8,20.302605415792854,0.8917925,25.287364733685553,0.76662403,20.357922820782278,0.8658085,36.799955918339904,0.9218599,18.888975571411,0.7540808,8.9622454814946,0.024423629,20.226908389016135,0.8469107
exposure,low,cd1c98ec48b1,18.469079186322,0.87449384,21.30443274094409,0.5304282,18.270635056095713,0.8147262,34.40919534692703,0.86266,18.276104423329453,0.8259506,8.124280218969941,0.019784534,18.299321408241035,0.83226395
exposure,low,1da25637859b,19.882763029850324,0.84745383,23.463920885096,0.65350634,19.66523654787339,0.8263268,33.97479406901522,0.86849374,18.958164714014277,0.7447391,8.43706082346345,0.022009032,19.79184146099765,0.81279635
exposure,low,624fb7317106,18.89221634718654,0.880651,22.3712065785632,0.74219126,18.922450415637087,0.84719676,35.517056366976725,0.91414475,18.009195271713224,0.7280488,9.617675337590875,0.028017074,18.852412786654277,0.8357992
exposure,low,55968f0e63c4,18.489843640803983,0.8394558,21.775831739071634,0.6119929,18.253026514909813,0.81108385,34.15734321176813,0.8508566,18.304344244352055,0.79462427,8.183979069976598,0.0206925,18.21432193133303,0.7974045
exposure,low,1b398c0494d1,19.316573524609097,0.85645103,22.42486570553064,0.5430999,19.084452410640807,0.80862427,34.23344073669699,0.84986514,19.10695229442184,0.8111637,8.079425755036802,0.020948404,18.935437882524848,0.8129835
exposure,low,22325552a4e3,19.25100370505028,0.8720069,22.444755792520958,0.6650635,19.067305061259212,0.8297989,34.74871390590087,0.8924245,19.06192982598502,0.82063776,8.097633659404032,0.018425336,18.974596024290506,0.79589677
exposure,low,a3802934bad7,18.16584196191541,0.86269426,21.90589293353395,0.72466916,17.952896880526524,0.84227705,36.390609947559504,0.8907948,18.002346939559743,0.82731056,9.218882672758335,0.02502867,18.29327784233183,0.840266
exposure,low,a6c9e96a10d7,19.416445603903554,0.8651406,23.746482988963056,0.758043,19.18222742997577,0.8448493,36.24176104135546,0.89939946,16.25448296947815,0.6812215,10.004704323344054,0.028513132,19.543259029536312,0.8332246
exposure,low,3710ff45299c,18.642410985084684,0.83764243,22.23352607830986,0.58450013,18.394776589681257,0.8050544,33.45201506826329,0.8446574,18.456729374837174,0.78840214,8.368122143140486,0.020802453,18.315065964775506,0.79487604
exposure,low,ab7991df166b,24.140656649888275,0.90002394,25.661041401142842,0.67451215,24.229829498193766,0.8967185,38.81933564988735,0.936323,19.583332043645033,0.7259591,7.683679334762255,0.017293992,24.29558912448973,0.8573902
exposure,mid,9b70f84400af,16.02418279699394,0.66694456,19.851741980448967,0.70743066,15.928147938424464,0.6555936,24.669899582987025,0.891181,18.059023260329585,0.6620515,8.075192855632075,0.020585127,16.19021776469873,0.6251109
exposure,mid,3f73c91b7e32,14.53148403366318,0.63543624,16.58134117080141,0.68570805,14.617904434807949,0.655823,23.613944957532627,0.87028676,25.785096619495185,0.8175268,8.36255540550242,0.02040876,14.85198788286435,0.5961458
exposure,mid,bcd503c726ba,13.485491438014295,0.6029074,16.112413738832146,0.61227936,13.440772618210817,0.58426523,22.393047438464258,0.8123198,21.888406374997793,0.7192566,8.34704299566979,0.019887043,13.633205867636786,0.5555578
exposure,mid,944a233fbf8e,13.3174951853868,0.6129258,15.59581594312428,0.6796465,13.31334258514444,0.61200386,22.24194640392945,0.841491,24.83243656860158,0.79939693,8.477210086398495,0.021752259,13.437625922260219,0.56644326
exposure,mid,b3819a805dca,11.824106743578485,0.6076734,14.72947189973469,0.769625,11.86715593696556,0.59455955,21.125053109031743,0.88705605,15.011066757144151,0.5583198,10.5435624057952,0.032151546,11.790356575926314,0.5579941
exposure,mid,a62ea0043aa7,13.644709056234765,0.6207959,15.460732361993264,0.69037825,13.718505138804044,0.6399476,22.549168479702356,0.85769874,25.877900256191104,0.8138612,8.619597961301876,0.022045026,13.90807042956136,0.60664135
exposure,mid,750e0168399d,15.221069676348236,0.7690472,18.00885417780682,0.475948,15.220993441337711,0.7607605,24.106078708163345,0.9082794,25.770117115623812,0.8664465,7.41445437449605,0.013890046,15.564554213059052,0.7673134
exposure,mid,4246ed634f25,10.650685883886041,0.6716521,12.275927913231685,0.5490775,10.654529058363835,0.6313419,20.252189489551267,0.8320051,12.038178314772177,0.6177346,7.9407173037391745,0.020586766,10.752961790931408,0.65243906
exposure,mid,e4b0df29b96f,12.657244270031535,0.63359934,14.695363423389782,0.6635077,12.694333409668324,0.64860064,21.618540439151804,0.8467391,26.304185679542755,0.8437395,8.815841748842514,0.024535177,12.738896509060211,0.62454176
exposure,mid,d6f6bdfd8011,12.659965943658806,0.6216066,15.031999613093475,0.6698089,12.692089107706286,0.62102056,21.539759009013988,0.8353974,25.55149956134678,0.8130589,9.164704711001264,0.025706494,12.722444132599545,0.6058542
exposure,mid,881ec6186e68,12.240914327220407,0.6266887,14.656163741395519,0.55423725,12.201331809459234,0.63311905,21.39811895839609,0.80006105,24.347910308776825,0.7566404,8.312619872267847,0.022353077,12.29078459020155,0.6088248
exposure,mid,3ddb86eb530e,16.368929087556438,0.6139033,21.176826769073234,0.84481525,16.334426045412133,0.5914151,25.017319958488088,0.88220805,17.570095835876103,0.50964487,9.203129333338149,0.026189128,16.356716035363487,0.54809517
exposure,mid,842d697884f6,12.714826414925327,0.66495246,14.922563758429812,0.51998335,12.688164269041081,0.65627074,21.92043995151923,0.81672734,22.76987085487356,0.69083947,7.981016096018689,0.020229854,12.77114543962167,0.6453138
exposure,mid,d18e5b68f6d2,14.019638375651287,0.6228791,17.330859322479576,0.8179286,14.041346770989083,0.61669415,23.14196569285535,0.9040632,19.849120405624692,0.6621414,9.760561266456357,0.027994046,14.071883172697063,0.5746638
exposure,mid,bc73ce76ec43,13.014991729970074,0.6324949,15.305588823668996,0.5554541,13.001171522575962,0.65116805,22.155306698408943,0.8081539,27.307289516123014,0.77133685,8.214563083307242,0.021263814,13.08015430670012,0.61867946
exposure,mid,3f6bccf21ce8,11.485383125066825,0.6223192,13.568654080024547,0.5571311,11.435491266851903,0.61580515,20.847329059570466,0.80145425,15.341880350463683,0.6136446,7.908703863600014,0.02190364,11.466233021350497,0.5893352
exposure,mid,e2856afe62c5,11.716504868659781,0.68743324,13.190654034616191,0.5710935,11.761571140281726,0.67251605,20.98929200478985,0.85312814,15.322351524231275,0.66928583,8.098986911008849,0.020857533,11.826257319329825,0.67323637
exposure,mid,7831ce1d895e,11.648464240355532,0.61339635,13.636855743730758,0.65661734,11.649245745552657,0.60674536,20.581843321759635,0.8307468,20.647848559089127,0.7385747,9.016137413731633,0.027212707,11.6732795341175,0.5954904
exposure,mid,3ccf96c1dd6d,12.882808161519044,0.63736486,15.215635548353104,0.7004165,12.898422727789729,0.64450216,21.900442571241115,0.8485722,25.873562081542282,0.8265743,8.483496398295099,0.023863526,12.962457981280238,0.6208717
exposure,mid,6363b360aefb,13.546785742861783,0.6444195,15.691682270205893,0.7098508,13.609733412760256,0.655517,22.445101099115053,0.85836965,24.094177277335056,0.808505,8.477120761668264,0.022243053,13.639672780503085,0.625298
exposure,mid,1d14dd912671,13.588795515413029,0.64724797,15.432015733064892,0.71176004,13.6549439719434,0.6664467,22.44403697604431,0.8611224,22.122234790661537,0.78003246,8.197271210540421,0.020491207,13.711484240156631,0.61565375
exposure,mid,6e0f78e188ff,14.559572655446921,0.6216464,18.715343795902747,0.82793766,14.564123534246052,0.6133497,23.592700743187653,0.89668536,14.73021504764689,0.54899305,10.09943408318767,0.028783271,14.491713878308474,0.5536625
exposure,mid,28f98cfe3858,13.35504022063616,0.6632947,15.923261328098663,0.7193909,13.44068611680665,0.6674044,22.214861048996305,0.8905797,23.09663528335724,0.8012139,9.182676903631615,0.025599763,13.53421373549221,0.65810305
exposure,mid,7455e2b5fc57,14.717533236201753,0.633655,17.7506917597542,0.7322462,14.7667795801506,0.6375417,23.400623175541373,0.8536207,23.575189810147652,0.7619557,8.660941503723818,0.023944112,14.867203306201393,0.61917084
exposure,mid,4dd14c380696,16.78316880266191,0.81687945,19.339506630097546,0.40074673,16.789024514225364,0.80829734,25.621972783323592,0.9183913,23.3993549719343,0.8342808,6.971522342272241,0.013631005,17.26759998798688,0.8156862
exposure,mid,58af2c054ced,11.92644145198111,0.63026404,13.973802646642355,0.583256,11.914639724655158,0.64020795,21.281193324463352,0.81787544,22.77048880226301,0.7636499,8.314242030893425,0.02337192,11.946246750537796,0.6140802
exposure,mid,3ca637fddd56,18.184863906504397,0.6667781,20.91169623122719,0.62567216,18.15855091073161,0.64201814,27.130464109896728,0.84574986,19.131446960954683,0.70842856,7.3020917318090275,0.014501192,18.560532652875487,0.6380654
exposure,mid,84b4da14bc23,13.115981720632945,0.7030328,15.070756631716577,0.5222877,13.140085026350224,0.70276856,22.348527537628698,0.8618764,26.149188081010383,0.7344895,8.03137888348714,0.020680385,13.250159965595298,0.69461113
exposure,mid,e01b7bac822b,15.47973519268966,0.70432204,17.690245739084894,0.5055641,15.41989965299103,0.70282155,24.421570940335116,0.8504405,23.84895638778339,0.70007986,7.686171011740863,0.017786084,15.734843334972107,0.6950412
exposure,mid,3710ff45299c,12.755519564758835,0.64305574,15.17163015232861,0.56494135,12.743547284427947,0.6498353,21.862330973484813,0.825876,27.03467719410851,0.7838041,8.377598700646933,0.02123911,12.806802058283575,0.6272902
exposure,mid,ab88081e5654,19.197867543772304,0.82469577,21.506802962963828,0.35890648,19.102786143182197,0.78291917,27.754796030044297,0.86931705,19.053283376351317,0.73884135,6.672471919769962,0.01040441,19.805775981500044,0.81199795
exposure,mid,b835b6e31a59,12.612718476474692,0.61826736,14.821390088336502,0.5834216,12.583392293280308,0.63396233,21.774269179067257,0.8068631,26.18812665319455,0.76572925,8.182777096807044,0.021276591,12.676749039014531,0.5925228
exposure,mid,657859f893d9,14.00093968379524,0.63866657,16.898016745595427,0.7215894,14.095131578658362,0.6422968,22.829225538178918,0.86351746,16.05714668621292,0.60171944,9.379119715943476,0.027129484,14.227000865179875,0.6403141
exposure,mid,c9d42d7534e0,14.31043399267914,0.61354846,17.20660453290314,0.73880225,14.345542482590973,0.6218005,23.096009488164107,0.8479998,23.1277450236483,0.7888965,8.983509145470167,0.023811875,14.470700436485032,0.5922799
exposure,mid,c6e1e9fbf39b,13.594790678975455,0.61407346,16.057113735460618,0.67537373,13.612766553521762,0.6273343,22.590935757829374,0.84134173,25.197561015635344,0.78578854,8.548306493347548,0.021732986,13.74369291596083,0.5734007
exposure,mid,3de8ad4151e1,14.465738857665176,0.63058704,16.911759253490818,0.69560283,14.506623078991858,0.6492775,23.50628820199229,0.86079973,24.910090137955464,0.7863655,8.401079866734268,0.021951308,14.756027163380566,0.6081632
exposure,mid,7aabd768abff,13.24862334683133,0.6146085,16.71366513259151,0.81333274,13.253665923004744,0.5953104,22.337188970247436,0.9007528,13.331755328604554,0.5507073,10.39851485048726,0.028302973,13.338959055954069,0.57376665
exposure,mid,4b6cb0bcfd44,16.702868852390317,0.81042224,19.317384423608313,0.39474377,16.69989926860878,0.7946144,25.61668542062753,0.9025591,24.415146458204397,0.8180926,6.922710240288339,0.012163506,17.044042122076537,0.8049021
exposure,mid,2cbfc6182ba2,13.80249132460433,0.6460249,16.609989809745695,0.6794264,13.874278589920301,0.63865465,22.56278116737638,0.86306185,16.54542023923662,0.61483693,9.295480348853353,0.02455753,13.99376411178359,0.6388607
exposure,mid,8ac0c44bbf24,14.961310894936313,0.6115976,18.272399137897754,0.7625684,15.017461983805857,0.6161458,23.89521429125704,0.8531763,18.75006412054645,0.6604085,9.085941387571589,0.025367094,15.239592541611298,0.60888344
exposure,mid,cadde4030858,12.439782426853782,0.61564535,14.97253024376198,0.6541603,12.427257445095528,0.61401415,21.38309787433329,0.8272087,25.17512536188007,0.80908036,8.932633517630897,0.024301983,12.487674774357291,0.5971009
exposure,mid,57469423a012,14.828477248753206,0.622426,16.896995162965855,0.6669846,14.85171122545276,0.61563206,23.813847954441115,0.8411978,19.807503274409438,0.7254879,8.090789178318106,0.019431204,15.069337183482396,0.5660069
exposure,mid,883c6a184f16,13.516573415099549,0.6289906,15.823149754911176,0.5843106,13.524448348969235,0.6507234,22.738698004498374,0.81996727,28.06502715297658,0.8043129,8.308042854417204,0.019380515,13.644056150094732,0.61394507
exposure,mid,40140a925c43,11.287661678673064,0.6513798,12.807749735967109,0.5656288,11.282618399146456,0.6289582,20.50152226673795,0.8137753,14.735222138467016,0.63986725,8.162980378116044,0.0213714,11.418426648541109,0.6318638
exposure,mid,650fbed3fdca,12.81703994503598,0.6358941,14.721795744511708,0.7180546,12.868524637221592,0.65386766,21.869530394683885,0.85648394,26.864038339792288,0.8491222,8.656431433640467,0.023103772,12.97334720673784,0.6279602
exposure,mid,2cceb07ff706,13.484652245453024,0.6587754,15.658361296289968,0.66625595,13.521567441660718,0.6743832,22.501115059828866,0.8610727,28.22229010680925,0.85187554,8.416990965468308,0.022002548,13.607367118633746,0.64488363
exposure,mid,731b19a460ad,13.030230502040816,0.6203776,15.636626017699268,0.73412615,13.0822168464642,0.625756,21.875758378109197,0.8606433,22.744098709377027,0.7729561,9.270383089164817,0.027477019,13.137834230999276,0.60273665
exposure,mid,ab686895533e,11.875305259950595,0.597092,14.357671206526131,0.64120626,11.836057284406081,0.5839917,20.79557904893258,0.8032796,20.358523825926504,0.70834494,8.95631626577946,0.02676937,11.859624873018062,0.567096
exposure,mid,3f3de2a6b0f5,14.800661976929074,0.6024336,18.879883348216634,0.82552403,14.754063065847419,0.5829253,23.71303195352063,0.86729974,17.549404082252305,0.58225137,9.359508506267375,0.025793158,14.867838789975039,0.54277664
exposure,mid,cd1c98ec48b1,12.560725813921685,0.7123099,14.534307234526377,0.48921254,12.5696839373607,0.6976525,21.71653811007435,0.8533706,23.214581629970187,0.7116813,8.113242220386981,0.02117461,12.674895477362465,0.7013878
exposure,mid,cd563556cb57,17.808832523526497,0.67022926,20.802250275032165,0.68318933,17.653767715987907,0.65008193,26.419166909814148,0.8800573,16.68314753132819,0.7343603,7.646016960126581,0.01698346,18.192963108402076,0.62066907
exposure,mid,1da25637859b,14.013157815269043,0.63456017,16.595360251374387,0.66866904,14.034466629257935,0.63941735,22.869383605866823,0.8438208,27.215857493741247,0.82686335,8.441989178882663,0.021718616,14.177016173768639,0.60603553
exposure,mid,62318d514160,14.235612639346026,0.6222363,16.77795667875224,0.67641324,14.267102604840566,0.624693,23.133302012271493,0.8524186,26.326376712163416,0.8056879,8.388624520725243,0.019982709,14.453760750367344,0.5846408
exposure,mid,55968f0e63c4,12.597287747375617,0.6345336,14.594671865959029,0.5799859,12.603024706591167,0.6622427,21.849090838302033,0.8232054,23.33345438927864,0.7617596,8.20315462728588,0.021452805,12.685353788914572,0.614904
exposure,mid,1b4625877527,14.253139333548084,0.6503931,17.0246594042039,0.6896232,14.303308705280067,0.6566994,23.1954325668184,0.8648556,20.866815664389087,0.74562216,8.657125953121716,0.023400843,14.514715664864102,0.65112305
exposure,mid,22325552a4e3,13.349308626477136,0.6309494,15.25766085588492,0.6560486,13.368016713450752,0.65037745,22.38431247432871,0.8536652,21.271424945610832,0.752541,8.134610002248163,0.019432183,13.4662625173645,0.5622097
exposure,mid,a3802934bad7,12.221669997408327,0.61231655,14.007299531331071,0.71189785,12.24536573468491,0.6142905,22.649639412126795,0.8537293,18.244741861654735,0.74181056,9.179363669451517,0.025221186,12.321512819737901,0.57222843
exposure,mid,a6c9e96a10d7,13.502978491702057,0.60400873,16.721390489462657,0.774014,13.458253114339954,0.6006482,23.065091743629758,0.8704793,17.70159009610925,0.6618083,10.011265085044611,0.02758415,13.527822832424768,0.55361706
exposure,mid,3730c322d35b,12.285129217105645,0.6345913,14.301678003147849,0.5962503,12.279730487844184,0.6501401,21.518154838939445,0.8317144,24.88115370335261,0.7839368,8.48241845442432,0.022977473,12.36432939229456,0.6209236
exposure,mid,ab7991df166b,18.2969824445073,0.68740886,21.031473454516526,0.69494253,18.324614637270336,0.6831487,27.17210035235622,0.90505415,17.613305556588056,0.77404284,7.647903475160299,0.01786116,18.797440655801253,0.6606789
noise,low,9b70f84400af,36.42884369266537,0.84504575,18.820345638072045,0.38920107,35.65616763103989,0.91885185,34.10741293741521,0.8732944,29.118769304927405,0.86663944,8.102940650192377,0.021488622,34.20554212014694,0.9103938
noise,low,3f73c91b7e32,36.54666127986804,0.8671236,21.40151024202343,0.39860258,36.097540280232245,0.8864667,34.517072717095246,0.86109257,35.37790005714765,0.9114693,8.424665734244721,0.022825023,35.6253476306179,0.8893597
noise,low,bcd503c726ba,34.884543988494215,0.84611225,20.18065051423975,0.41065356,33.36653599744272,0.8187644,32.483418369600436,0.80918735,32.12780727238031,0.84367967,8.360021501782384,0.021137908,32.742265728552525,0.8232262
noise,low,944a233fbf8e,35.406751211977586,0.85341126,21.31913655830983,0.41797414,34.00148851848147,0.84804577,33.17709600921298,0.8357389,33.41186349268785,0.8742461,8.469344125925133,0.023248814,33.80274327106813,0.85254043
noise,low,b2748ac28fc1,35.71407401470153,0.8617856,21.115764939059908,0.42845395,34.71541922363222,0.8695729,33.60449652302484,0.85201263,34.066906430119815,0.88292724,8.802019460524061,0.024603052,33.98795784286891,0.86027664
noise,low,a4359815f152,37.61759973006307,0.8914955,17.4397179057385,0.4144903,37.575415984002,0.92520684,35.8754160258188,0.8784644,23.272534685579608,0.7699302,8.702242539826903,0.023591204,36.65406910428708,0.9011108
noise,low,750e0168399d,36.669941084261794,0.76536417,23.10694846478547,0.30756178,36.224310901147824,0.92246413,34.8997930744175,0.89472455,34.83135149694921,0.86088735,7.367777697923366,0.01679483,35.170611723191556,0.9213856
noise,low,4276b82e4489,36.28695420056289,0.7357293,22.621698628900813,0.25368968,35.41769146684684,0.8924966,34.28966273526741,0.86887485,34.279137449246186,0.8377109,7.044226942966616,0.013901961,35.055211231554225,0.90143275
noise,low,e3ab63dc9a60,35.41047502485868,0.8556382,22.393793473346562,0.4348035,34.38955119625468,0.8677717,33.39962121659765,0.84353405,33.449998442490525,0.8858343,8.880460901666527,0.025844194,33.96472921917291,0.8688784
noise,low,d6f6bdfd8011,34.91771882564422,0.8210893,23.318188742175362,0.41986573,34.2348684373735,0.85409397,33.07368146100144,0.8105752,33.45959814207407,0.85748434,9.187123507250858,0.02555673,32.76893103355552,0.8439315
noise,low,87774aafe068,36.062158503213986,0.85928965,21.358506122055296,0.41267225,34.64984331624971,0.8593175,34.03841751302406,0.846097,34.82453039020007,0.8869874,8.446391843051375,0.022076653,34.60225905857567,0.8644278
noise,low,3f6bccf21ce8,34.10548737241135,0.80181247,22.244837856172587,0.4086133,32.64503316708101,0.8140333,31.902547031729842,0.7872004,31.871896483682228,0.8179137,7.983082623642382,0.022702979,31.776407732441587,0.8188904
noise,low,840a06a9c690,34.7439413821578,0.8048847,21.92695152300484,0.384102,33.645800889528516,0.8360649,32.88774335500183,0.80436397,33.090470919032995,0.835639,8.278976959665492,0.021359848,32.69356897999808,0.83651775
noise,low,d271d3a2b552,34.83788727683094,0.84004307,21.540549946681654,0.43504032,33.11593711749261,0.80847955,32.26577747494925,0.7996946,32.07060620106597,0.8361709,8.405875234668212,0.022692727,32.4785715927459,0.8152825
noise,low,bc73ce76ec43,34.7640624011241,0.80874723,21.788052346492172,0.37373185,33.81731547425596,0.82655716,32.915186098099916,0.7961464,33.157995901441254,0.8336983,8.180995665078191,0.01972336,32.74766402549189,0.8245599
noise,low,3ddb86eb530e,37.40772559140527,0.88435555,18.390729937932758,0.43983972,37.57544125217632,0.92087513,35.9198890236048,0.8742141,32.198866221342335,0.8960263,9.176979223092543,0.025626764,35.895965304655,0.8952686
noise,low,e2856afe62c5,35.84709818333964,0.83126956,23.24431104588989,0.40147057,34.93270004733383,0.826565,33.40289224593341,0.8071866,33.500386640688504,0.86817664,8.14891944013511,0.022302603,33.99179836834792,0.8445743
noise,low,77e15f213b04,36.17949940248752,0.7587034,24.633248658957264,0.31052235,35.70286605654893,0.920564,34.527549505019536,0.8951235,33.56795476930016,0.86363125,7.495947314046382,0.019533135,32.59570203878033,0.9164818
noise,low,3ccf96c1dd6d,35.88289886039136,0.8602417,22.845979500153476,0.41887224,35.06499918472235,0.87106866,33.817486676552065,0.85434705,34.09499204092631,0.8951709,8.519740814813346,0.02339076,33.644145920930086,0.865309
noise,low,62cc7ddb53b6,34.62745180557961,0.86725277,22.752688545918865,0.47098795,33.75029361359146,0.8483165,31.98679980508027,0.8400602,31.48173749166641,0.8680143,9.54885590663146,0.025809849,32.22470176804582,0.83539885
noise,low,1d14dd912671,35.824266711739334,0.86120254,23.087900727347485,0.40992084,35.17980218471496,0.881953,33.837492020858235,0.8710534,34.019469896541466,0.9114308,8.178999457591775,0.021056278,33.92192828172436,0.8741999
noise,low,70ed3ec68b94,35.49781682688688,0.85389465,21.74983035422948,0.42050233,34.511239079037786,0.86783427,33.270088619300765,0.8381508,33.519366236798966,0.8852627,8.792402104480022,0.024474049,34.01603591287132,0.86573505
noise,low,28f98cfe3858,36.445228924606184,0.8740838,22.71307438706411,0.43719432,36.00924474954076,0.9143718,34.22002715140944,0.8719671,34.905478876564516,0.9195129,9.227641630162106,0.027491419,34.953601812684475,0.9065749
noise,low,7831ce1d895e,34.11477963883116,0.82604855,22.8716833469157,0.4476502,33.4594996747171,0.8522871,31.9726877394965,0.81673986,31.279419636313047,0.85020906,9.049904686179769,0.027472893,31.360519213999062,0.84967405
noise,low,4dd14c380696,37.27729743900817,0.7453688,21.82171957375907,0.24920064,37.111971703928006,0.9076328,35.94890238140872,0.88485414,35.175437715648755,0.8527794,6.971007948048541,0.0129462965,36.93429885836862,0.9218529
noise,low,58af2c054ced,34.42043042859437,0.8057955,22.919729440392675,0.40256584,33.37250890728178,0.8331873,32.30073814117401,0.798456,32.38652062842136,0.8308752,8.350584776940316,0.023637014,32.08722806846427,0.83300143
noise,low,3c326543fff6,36.10860198321863,0.76298076,24.438184183189332,0.3174764,35.60591543517166,0.9199178,34.32927378429022,0.8937468,33.487625398953895,0.86224896,7.480124744706388,0.018850258,31.943810497175097,0.9152188
noise,low,81d79d53ed7b,37.28687398443984,0.88913137,18.88521509741548,0.46018457,37.86869923267899,0.9400398,35.13695353674023,0.87461805,36.72700108804063,0.92770773,10.131207676339331,0.02977936,34.78976047244063,0.9059747
noise,low,e01b7bac822b,35.84476794022952,0.7987712,19.86689435096995,0.32124373,34.93816737551175,0.8502833,34.12025348118947,0.81052494,34.62725745953086,0.83986163,7.64078824331,0.017772732,34.427789412521896,0.86045116
noise,low,3710ff45299c,34.68553040197278,0.8070423,21.82441817673006,0.38369846,33.74116900689679,0.8380792,32.62227898607117,0.8053917,32.723134061372036,0.83181566,8.432769168156316,0.022741927,32.42035257594927,0.8390977
noise,low,ac1667fac512,35.189810975100926,0.80640393,21.41570727464024,0.34660652,34.25380110297077,0.8338482,33.28448835384931,0.8056453,33.440006924670996,0.8391153,8.047477293128974,0.01980206,33.26849036206004,0.83702826
noise,low,b835b6e31a59,34.752737869300645,0.81783587,22.12994640680822,0.3903885,33.661511614416284,0.8253166,32.95567467659624,0.7996264,33.08190470103885,0.83737683,8.250683567559067,0.020976374,32.708764728161384,0.8231113
noise,low,63e041a757eb,36.71919156223721,0.89250106,19.2595909945528,0.5018197,36.2269306898975,0.9166873,34.46484987343838,0.863749,35.3744706335293,0.9005003,11.417559561056056,0.034706116,33.65253917613035,0.8836544
noise,low,c9d42d7534e0,35.94082602604444,0.85767,21.705019655080875,0.43271437,35.3014411571306,0.8744831,33.988800080707676,0.8402837,29.241913987060485,0.867398,8.995674439961281,0.024850557,34.84119344421229,0.8685787
noise,low,c5a9ebef1517,36.96526226223462,0.884408,18.073537212985656,0.44896963,36.32154790108662,0.90496683,35.1273032973694,0.86532575,25.84657767694116,0.8140044,9.259580300974168,0.02694373,35.44586688220383,0.8818607
noise,low,3b232b394e4f,34.515475159795656,0.8684459,21.43665640481099,0.5274749,32.72192858251166,0.8405784,31.418679581718102,0.8043003,32.261340269998215,0.832149,11.184352737344497,0.036373716,31.35208913999858,0.8214145
noise,low,7c3747c0b2c3,36.77224952825546,0.75791883,23.28332921382856,0.27450955,36.1686852883501,0.9142997,35.135761909558326,0.8907297,35.05864518395749,0.86278504,7.078109960367094,0.014143319,35.000803832145984,0.91672045
noise,low,4a7dc013e802,38.66494587685054,0.8890328,20.159376194311548,0.39615333,41.13212227897285,0.9564152,38.360932792122824,0.9121693,34.87675888897426,0.9221225,7.386921610926507,0.015433094,36.589272161712444,0.904192
noise,low,2c77bf969079,38.19155675458739,0.8898926,18.5203213738546,0.36458516,39.46805862056377,0.94558406,37.18160259945138,0.8996108,39.058868100925054,0.9377516,7.840826424819742,0.018880054,36.18082150859508,0.9058351
noise,low,8ac0c44bbf24,36.59539750782369,0.8692754,20.4362018635803,0.43295085,36.12470106712666,0.8828046,34.609845865190685,0.84552544,23.939173994663125,0.8182085,9.123482850856902,0.025336573,36.1756219766907,0.8767584
noise,low,cadde4030858,34.487261774667985,0.8138744,22.422762839816063,0.4249178,33.72211356306107,0.848033,32.52755107225601,0.8093886,32.65146501342998,0.84365135,8.955602729083093,0.026748577,32.15621403420998,0.84617215
noise,low,57469423a012,36.02533471020233,0.8586704,20.62935813871738,0.4270338,34.98599839085098,0.85788107,33.83891916769826,0.8447561,28.18994603409085,0.84554356,8.147081610788703,0.021253897,34.72789876698214,0.8557592
noise,low,885fa5fc5da8,35.366785128958405,0.8167327,21.805990152983025,0.36136422,34.55566687903466,0.84198076,33.54815743635474,0.8115158,33.74006605584445,0.8463616,8.206880765323081,0.0212083,33.310718792975656,0.8420973
noise,low,40140a925c43,34.78148352621453,0.82354504,22.524012849704043,0.41954255,33.55492621400911,0.8003574,32.333312381678255,0.78448313,31.96703566216724,0.83374095,8.221987321926724,0.022522882,32.44202451876719,0.81018615
noise,low,650fbed3fdca,36.18261984349397,0.869503,23.434064668495083,0.42438996,35.944300540480995,0.8804017,34.33637032171554,0.87085205,34.3949465775282,0.9147317,8.648611083295574,0.022860872,34.41938430719116,0.87360114
noise,low,2cceb07ff706,36.24987278793233,0.8447311,23.148043974055117,0.39964452,35.53932168994321,0.88254315,34.26616008485364,0.85091764,34.89298347179825,0.90151113,8.41438446944247,0.021508716,34.56743061392124,0.87605757
noise,low,731b19a460ad,35.8859089474291,0.87175083,21.726281918305492,0.46663174,35.04261754257586,0.88874894,33.607516339147196,0.84816474,33.87058668338153,0.8836358,9.346285889741232,0.026539223,34.39543894484193,0.8821147
noise,low,ab686895533e,33.819430306599344,0.81165963,22.164051150695535,0.4425092,32.55966589274716,0.82670254,31.60331920816247,0.7917876,31.35683155131868,0.8193063,9.016216549417717,0.026651358,31.253575225640233,0.8242552
noise,low,3f3de2a6b0f5,36.843880412786326,0.8852045,18.629727914906486,0.47112378,36.32535800360661,0.9085691,34.811549610861675,0.8644552,27.019977348473383,0.8399498,9.416053521136188,0.027189225,34.878909527002364,0.8840494
noise,low,cbf0394039f8,36.9172704325647,0.87736106,22.118104505655154,0.44672918,36.91331325390411,0.91022825,34.961894578123434,0.8702318,30.20063327634972,0.9040365,8.955448960421048,0.025199607,36.22026267544678,0.90247625
noise,low,cd563556cb57,36.90999189859873,0.83968025,19.041562301044838,0.35440114,36.69536078587252,0.92242366,35.143304238786975,0.87850934,25.956184420117765,0.81577015,7.598479288179569,0.016949642,35.241847735837325,0.89991266
noise,low,1da25637859b,35.17565675550997,0.8419993,21.52291463032178,0.40572655,34.018810603321946,0.86645526,33.06807581268845,0.8381339,33.48758871053509,0.873506,8.451986748692805,0.021845037,33.37924445864522,0.8594191
noise,low,62318d514160,36.112356915601545,0.8627103,19.61454670652829,0.40949765,35.13833167816935,0.8685179,34.02181032060726,0.8534971,34.580514410934136,0.89294887,8.356901906925351,0.022577478,34.67767245421673,0.86895156
noise,low,54b322c66d01,36.2798880509255,0.7559097,23.927837490266914,0.27038026,35.65022050761747,0.9169483,34.46883471458871,0.88435984,34.198126256100586,0.86530876,7.240539516138009,0.0154631585,34.69490706431273,0.9164975
noise,low,1b398c0494d1,35.28173645510725,0.8072615,21.034819875747512,0.34061906,34.367641035442325,0.8307975,33.311628083599324,0.80595917,33.48336685847857,0.8408852,8.057797318217379,0.021373915,33.23370776087545,0.8370635
noise,low,22325552a4e3,35.885094955777134,0.8575914,22.181140929805835,0.4102492,34.85467426237125,0.8619581,33.60905004715854,0.8464182,34.162711804042054,0.88734704,8.157798168042818,0.020948937,34.12034210828621,0.86261296
noise,low,a3802934bad7,36.852539877862476,0.8561435,22.986122233068443,0.4401966,36.2041715187469,0.8917046,35.01167362277451,0.8419099,36.18125587534476,0.8923306,9.22975851545182,0.024139643,36.953960888267616,0.89266676
noise,low,a6c9e96a10d7,36.538319864053264,0.8684024,19.88605442572932,0.45983163,35.87525960588642,0.89944005,34.43604511499204,0.8437832,21.54468766535495,0.7891646,10.013255800628958,0.028328953,35.97873140479895,0.8926797
noise,low,3730c322d35b,34.80372584012951,0.81600785,23.09283228926224,0.40412807,33.868038260210525,0.8485133,32.83117646510598,0.8087099,32.860921994242794,0.8455706,8.51360273910967,0.022682814,32.58250818357058,0.84546965
noise,low,ab653b8554c0,34.71510259420309,0.8106773,24.057703666316165,0.40762115,33.98148471651565,0.8505938,32.61639467244739,0.80474997,32.69928905110228,0.85096663,8.512286051906992,0.023040377,32.24046312678485,0.84721494
noise,mid,9b70f84400af,28.814381948759134,0.4641579,15.164464990458434,0.14581658,34.550405323450576,0.9017716,29.022240971309333,0.6010738,32.15275888104449,0.7675431,8.08094598672347,0.021784753,32.9024329366131,0.87302417
noise,mid,3f73c91b7e32,28.86051119399032,0.47533807,15.67349086339124,0.114050806,35.20416285960914,0.87863237,28.423570626696414,0.58597183,33.340075666378006,0.8351278,8.439749204067077,0.022215417,34.30055069063648,0.86670405
noise,mid,bcd503c726ba,28.516035400576598,0.5034087,16.5550105572497,0.16968276,32.67085634465054,0.8020012,27.53081087723356,0.55409735,30.812856473081,0.76427007,8.381108268311205,0.021488851,32.0142405846252,0.7957879
noise,mid,944a233fbf8e,28.687316275790764,0.49394158,16.60088495029531,0.14540724,32.974732300016626,0.826623,28.20888968972129,0.5916655,32.14955334233932,0.81081223,8.446279844106828,0.022582008,32.8176472239826,0.8274663
noise,mid,b3819a805dca,28.593652299153717,0.530031,17.548626002959434,0.1998753,34.5571548994296,0.892786,29.33443209720724,0.6726863,33.96057794457766,0.8758262,10.524493423411068,0.031697046,32.945211066391565,0.8509399
noise,mid,a4359815f152,28.819575095182124,0.50599664,14.159816019057207,0.13440527,36.25239760439464,0.9068212,30.020189160229116,0.6764663,32.41740392273161,0.7938774,8.65637125826621,0.023701698,33.792954731662846,0.8573463
noise,mid,72595230840c,28.61944655701552,0.5205727,16.294188440638038,0.17833495,34.493715692072655,0.86132866,29.957231814040863,0.67429143,34.169215477256195,0.8510675,9.915166870120878,0.02890175,32.95438180892196,0.83877045
noise,mid,4246ed634f25,28.35398160551169,0.43985614,18.643248152016493,0.15506633,33.31610567326447,0.7686901,27.23286915807233,0.48939326,30.499914068829423,0.6929285,7.9785996883560735,0.021572864,31.78544758117436,0.75091964
noise,mid,e4b0df29b96f,28.556186564588852,0.44523588,18.05461610922588,0.13174482,34.43374384151935,0.8611718,29.025406059914808,0.572275,32.47342765883386,0.7738328,8.87522686251788,0.024921583,32.41121055373243,0.83544844
noise,mid,d6f6bdfd8011,28.35154024384719,0.45144475,18.00557758821367,0.14360598,33.75580600984218,0.8430169,28.94241882864455,0.56400865,32.05830552985114,0.76446027,9.268741120773141,0.02674801,31.888873466307256,0.82095176
noise,mid,883c6a184f16,28.639420676377885,0.4549521,16.868637462730568,0.13137086,34.05338414992663,0.83882827,28.20325003934359,0.53294563,32.15587104353351,0.7384948,8.362187169018183,0.023082873,32.33488139208235,0.8194615
noise,mid,3f6bccf21ce8,28.240832659190986,0.45447537,18.38391891019752,0.16957104,32.040782392624166,0.79170865,27.810868408739367,0.52715784,30.41004514988301,0.68487114,7.959919483653853,0.023331745,30.969931298602887,0.7813315
noise,mid,840a06a9c690,28.455809445517225,0.44257197,17.616707681334095,0.14390515,33.30590742572007,0.82531595,28.32985313925137,0.53105414,31.54552738590688,0.7098964,8.286167497213835,0.02144076,31.861728308699917,0.8012831
noise,mid,d18e5b68f6d2,28.665951627853868,0.5035835,16.258417600154488,0.15933539,35.97432622428834,0.9020063,30.14550941867079,0.6849517,34.442776996749686,0.86597997,9.809860179360179,0.028033255,33.837009402891645,0.8689723
noise,mid,bc73ce76ec43,28.465292796578566,0.4463606,17.382612770269066,0.13685049,33.36149610697392,0.8170416,28.02675966144179,0.52170616,31.48136792484607,0.7124171,8.174813955459259,0.021964611,31.814124026356172,0.79640406
noise,mid,3ddb86eb530e,28.714471061894443,0.50243205,14.7337021613183,0.14167704,36.20359172116488,0.8996439,30.092564294064587,0.6698754,33.17810932403391,0.8191231,9.242688631996371,0.02616705,33.58770759786875,0.85098606
noise,mid,e2856afe62c5,28.520199495822126,0.42756405,17.745055034425043,0.13291277,34.2651135365096,0.8069404,27.546968309682892,0.50048393,31.376411331027924,0.7164418,8.142615074186882,0.022107348,32.894088462361594,0.7814307
noise,mid,77a9538b8362,28.803114698824565,0.48068926,15.693344621855285,0.12985076,34.90106329197649,0.8862707,28.793775394021296,0.6172648,32.90433910952524,0.8306709,8.437149713498558,0.022051902,33.51946688495142,0.86107475
noise,mid,3ccf96c1dd6d,28.64605368723984,0.46827912,18.312830241331714,0.15442856,34.07319211556364,0.8571766,29.18205597031539,0.5966988,32.51027572324763,0.7964023,8.569726136951912,0.023126913,32.4382983255133,0.8419625
noise,mid,63d217b059b6,28.656874130655087,0.48230156,17.18662353487314,0.14789112,34.88846422354215,0.8905656,29.133907380912902,0.62473196,33.49521208483644,0.8453651,9.162339370991521,0.026861342,33.39110404095295,0.8594567
noise,mid,1d14dd912671,28.797647557991986,0.46161342,16.880895087440194,0.12655975,34.16761527817784,0.8691923,28.80506267274415,0.59955,32.5245906052795,0.8133514,8.142493610068334,0.022247812,32.912899491330975,0.8522906
noise,mid,70ed3ec68b94,28.695751322569837,0.48703763,16.869554486886855,0.14337918,33.33818774142631,0.84628946,28.469319578681276,0.59942913,32.40448375232195,0.8259638,8.799475256936152,0.024128921,33.06426757496959,0.84147626
noise,mid,28f98cfe3858,28.649356181204727,0.4675186,17.909165012777255,0.15305005,35.247251294108956,0.9032121,29.266321761923287,0.59541196,33.02956657752706,0.82166815,9.201152702079252,0.026759788,33.63863712681265,0.87523896
noise,mid,7831ce1d895e,28.260997002088605,0.4754776,18.250688033052935,0.17731005,32.93794451651867,0.837261,28.38248797165565,0.5778182,30.324333825735476,0.75417405,9.073224387183812,0.027755374,30.730993901671777,0.81676215
noise,mid,4dd14c380696,29.092871749418396,0.30621365,17.414840166095914,0.09562986,36.14424708504697,0.89414126,29.475001873837286,0.6686676,32.42618074702654,0.52392644,6.963973953921709,0.01337075,35.64144023100969,0.8805739
noise,mid,58af2c054ced,28.403508404146134,0.45547673,18.219897056703353,0.15704553,32.8159909998244,0.8191264,28.099320877706447,0.53712505,30.986601221991602,0.7118706,8.366531935838214,0.023433534,31.297128489703262,0.7938072
noise,mid,3ca637fddd56,29.162118717982437,0.44371772,15.230236870573897,0.09937057,36.38768992335099,0.8702142,28.522627527165987,0.51621497,32.38741392982523,0.6955621,7.30241287165967,0.015165568,35.344812644341,0.846318
noise,mid,842d697884f6,28.368522292838172,0.42473516,17.16042788879419,0.13555731,33.31654001097161,0.8021725,27.854745887777902,0.49921778,30.96485311996911,0.6685907,8.017835583428525,0.020286126,31.777008998585224,0.76883864
noise,mid,e01b7bac822b,28.499343739923503,0.391111,15.106272625816338,0.11092784,34.075861912513176,0.8290029,28.173075070292505,0.47174987,31.92963693871034,0.64149076,7.692572120935127,0.017354062,33.001486147961884,0.8003083
noise,mid,3730c322d35b,28.416597603300747,0.44648603,17.675927591765046,0.14571473,33.274289388579405,0.8342038,28.427658036494485,0.54104424,31.420629149213827,0.72444296,8.515851141235613,0.023179224,31.604753777252384,0.81265235
noise,mid,ac1667fac512,28.407778368127104,0.41252396,16.914200507785285,0.12793495,33.69741246886042,0.81984514,27.929437796027127,0.4864657,31.340226676733497,0.66814256,8.111222788976734,0.020057874,31.958332487676007,0.7825667
noise,mid,b835b6e31a59,28.52415250606413,0.46130434,17.279632925341296,0.14336522,33.1403620913381,0.8126221,28.301902664025185,0.555074,31.571624168101305,0.7288523,8.197834974974313,0.021221668,31.86146554933153,0.79732484
noise,mid,63e041a757eb,28.576400379418935,0.5313553,16.298610462781365,0.1898432,35.01091215730509,0.8912139,29.353176095449676,0.6542175,34.06892786369981,0.85767674,11.407279666403234,0.03292519,31.933527245316306,0.8474169
noise,mid,c9d42d7534e0,28.607769821488795,0.48062095,16.61329051633928,0.14540045,34.52307872726819,0.8651423,28.976718646540583,0.60730374,33.357618410624504,0.82015663,8.961653042175914,0.025359096,33.39346678682177,0.84147817
noise,mid,c6e1e9fbf39b,28.749542834733592,0.48266086,16.771045929746403,0.13368142,34.1431744150493,0.85127884,28.36715346434739,0.58555454,33.257152590665264,0.81548184,8.574781523772826,0.022338329,33.540168091832435,0.83731467
noise,mid,3cdda8b3df19,28.81779762936947,0.47496116,15.96266623295431,0.11887305,34.64593044762127,0.867127,28.363425493139843,0.5906615,33.430263029149984,0.82863665,8.329626201191095,0.020810539,33.783635818888285,0.85015184
noise,mid,7aabd768abff,28.637583881497438,0.51910496,15.999583276877614,0.17153502,35.770844890187334,0.9029388,29.51480042085578,0.6755025,33.957894644754596,0.86067486,10.48214337546677,0.031535033,33.73490434669618,0.86601734
noise,mid,4a7dc013e802,29.204706461725706,0.4695998,14.249379179261583,0.076411344,39.20404837598661,0.9498503,30.836774396185138,0.69898397,33.46201733840423,0.77049065,7.340783007072684,0.015340055,32.57853081704358,0.8405424
noise,mid,2f81ee5f2926,28.983167593555716,0.36281696,19.020057056482347,0.14972056,35.31567252245239,0.91354465,29.305786452319836,0.7429158,31.624227130292233,0.57752633,7.501469000162894,0.017366137,33.73989967196111,0.88801193
noise,mid,8bf05909e1e1,28.51250863024987,0.45991722,17.79795380022152,0.15133262,33.811420471415545,0.8344714,28.458977564067233,0.5450663,32.284644061779076,0.7378089,8.667991717832223,0.02317739,31.861813754614396,0.8087236
noise,mid,cadde4030858,28.32608509643471,0.4607555,18.244352237863033,0.16092908,33.328122661899705,0.83471185,28.546267212308383,0.561656,31.449667845078977,0.74333954,8.96597773272049,0.02555614,31.43651467323196,0.8136675
noise,mid,57469423a012,28.762988881215122,0.49324965,15.668776971776408,0.1471162,33.96660247547721,0.8478816,28.119429574092752,0.5894003,32.46607284030275,0.7942956,8.114700188281223,0.02128336,33.6065263789464,0.83102566
noise,mid,885fa5fc5da8,28.518100773115783,0.42894593,16.923892010798085,0.1320229,33.87523325726128,0.8266726,28.04698138011461,0.5032193,31.663312109409553,0.6921062,8.17757264515504,0.020595053,32.15550567408241,0.7997343
noise,mid,40140a925c43,28.283258070685378,0.45247194,18.438674390103724,0.15955585,32.800844178751774,0.7787823,27.167566343181,0.49257937,30.368092540836756,0.7076347,8.283859464320498,0.022884296,31.516700050126186,0.75276905
noise,mid,650fbed3fdca,28.735718228281296,0.46844184,18.225852252496622,0.1447429,35.1776375503098,0.8748569,29.318536539315083,0.6108642,32.804516464407754,0.8219002,8.593287996398969,0.024777366,33.25682214446649,0.8523045
noise,mid,2cceb07ff706,28.869278272667763,0.45357117,17.955336228265338,0.13723075,34.85996955738618,0.87307,29.237647308856044,0.57775307,33.03046009951062,0.7773834,8.430314088468192,0.021127598,33.27394058216968,0.8519401
noise,mid,7347f5133a6a,28.526179058915847,0.45148435,18.482166260113306,0.14048143,34.03287659794986,0.82597834,27.721107343693284,0.5209388,31.412546443867818,0.7534351,8.364127418610872,0.022862785,32.553335839193,0.79651517
noise,mid,ab686895533e,28.197323417787324,0.48483673,18.52740219813754,0.19018799,32.04941761333001,0.8062152,28.18492169085223,0.5618748,30.371082300036754,0.7215049,8.975245224106192,0.026161613,30.40365803089817,0.7904702
noise,mid,3f3de2a6b0f5,28.67362366554289,0.5188351,15.329504014615091,0.16738231,35.152095345236006,0.88181037,29.652271678959295,0.6744642,32.07198524261263,0.80595666,9.40053975692146,0.027442241,33.00425488061392,0.8363636
noise,mid,cd1c98ec48b1,28.346289739974946,0.38543418,17.632570433470026,0.12470115,33.88890747457025,0.81057996,27.741286190335423,0.456292,31.122101276674993,0.6378491,8.152785084061229,0.02061983,31.72185813895567,0.7488887
noise,mid,cd563556cb57,29.002020984473113,0.45512843,14.620885101495432,0.1193622,35.41761244086581,0.9082857,28.84975720835406,0.57469064,31.833817982870592,0.7282843,7.70484939993413,0.01658805,34.11414257888035,0.87205213
noise,mid,1da25637859b,28.65449432227408,0.48128447,17.175950427182702,0.15876873,32.72398868434997,0.84581834,28.625875214776908,0.5895344,32.1461296081742,0.7818683,8.470907482231535,0.023250056,32.30288823635232,0.8319985
noise,mid,62318d514160,28.747348094527432,0.48787084,15.96218897866442,0.13843386,34.154956527910954,0.85335875,28.22349534880344,0.59953606,32.82743757920835,0.8225387,8.37547550099542,0.021976799,33.48687822894404,0.8434882
noise,mid,55968f0e63c4,28.562749127109402,0.44866958,17.533134880466722,0.12892075,33.68311697001073,0.8374379,28.207652346020623,0.53851366,31.729407213043036,0.73942345,8.194475652311597,0.022337107,32.20579543873034,0.82101053
noise,mid,1b398c0494d1,28.399076706206714,0.40845308,16.373474381184106,0.121424116,33.80898229173732,0.81934017,27.932588710690112,0.48766804,31.292815496565623,0.6703827,8.009156367012379,0.020729676,32.097244118901415,0.7856586
noise,mid,22325552a4e3,28.73236945877864,0.47697774,16.35026100820241,0.12613344,34.142387867628315,0.85258764,28.05364197637855,0.5773874,32.414969736831736,0.8055232,8.135872316497556,0.021990335,33.167330887034666,0.8368559
noise,mid,a3802934bad7,28.62853658410379,0.4629471,16.533126948597612,0.11466078,35.18317259959039,0.8781595,29.085712291012065,0.60613924,34.28413598080756,0.8370394,9.208502160313992,0.025907353,34.91992342556526,0.8429172
noise,mid,a6c9e96a10d7,28.45538298714444,0.49485728,16.47347817605602,0.15935461,34.87516060096019,0.87981075,29.4092006331249,0.6363037,32.104055968846275,0.8218916,10.085600213719012,0.027590105,33.95768941269421,0.85166436
noise,mid,3710ff45299c,28.355644602919632,0.44111466,17.664397577008856,0.14773895,33.16658078690676,0.82186604,28.113565352968273,0.5286927,31.15242117579278,0.7011149,8.401218826517177,0.023076005,31.494418533694066,0.8040185
noise,mid,ab7991df166b,29.080136092284803,0.43013057,14.383658312791567,0.08915109,38.05342851175861,0.93116397,28.962682051604915,0.5445613,32.47373153668425,0.7307295,7.699485168366791,0.017962236,35.26475837932235,0.88921386
